serial,constituency_number,township,ward_village
1,1,ကချင်ြပည်နယ်,ပူတာအိခရိင် တစ်ခလး။
2,2,ကချင်ြပည်နယ်,ြမစ် ကီးနား မို ့နယ် တစ်ခလး။
3,3,ကချင်ြပည်နယ်,ဝိင်း မာ် မို ့နယ် တစ်ခလး။
4,4,ကချင်ြပည်နယ်,တနိင်း မို ့နယ် တစ်ခလး။
5,5,ကချင်ြပည်နယ်,ချီ ဖွ မို ့နယ်
5,5,ကချင်ြပည်နယ်,ဆာ့ လာ် မို ့နယ် နှင့် အင်ဂျန်းယန် မို ့နယ်။
6,6,ကချင်ြပည်နယ်,မိးညင်း မို ့နယ်အတွင်းရှိ  2။ မို ့မရပ်ကက  ွ (် မိးညင်း မို ့)
6,6,ကချင်ြပည်နယ်,3။ အတ်ကျင်းရပ်ကွက် (မိးညင်း  မို ့)
6,6,ကချင်ြပည်နယ်,4။  ့  ကွက(် မိးညင်း မို ့)
6,6,ကချင်ြပည်နယ်,5။  အာင်သ ြပ  ရပ်ကွက်(မိးညင်း မို ့)
6,6,ကချင်ြပည်နယ်,6။ ပင်လ  ကျးရွာအပ်စ
6,6,ကချင်ြပည်နယ်,7။  မာ်ဟန်  ကျးရွာ အပ်စ
6,6,ကချင်ြပည်နယ်,8။  ညာင်ကိင်း  ကျးရွာ အပ်စ
6,6,ကချင်ြပည်နယ်,9။ ကာတူ  ကျးရွာ  အပ်စ
6,6,ကချင်ြပည်နယ်,10။  ဆယ်မိင်ရွာသစ်  ကျးရွာ  အပ်စ
6,6,ကချင်ြပည်နယ်,11။ နန် ့ပတ်  ကျးရွာ အပ်စ
6,6,ကချင်ြပည်နယ်,12။ ပင်းဟဲ ကျးရွာ အပ်စ
6,6,ကချင်ြပည်နယ်,13။ ရွာသစ်ကန်း ကျးရွာ အပ်စ
6,6,ကချင်ြပည်နယ်,14။အင် ကင်းကန်း ကျးရွာ  အပ်စ
6,6,ကချင်ြပည်နယ်,15။ ဘီလူး ကျးရွာ အပ်စ
6,6,ကချင်ြပည်နယ်,16။ ညာင်ကန်း ကျးရွာ  အပ်စ
6,6,ကချင်ြပည်နယ်,17။ ဟဲလ ကျးရွာ အပ်စ
6,6,ကချင်ြပည်နယ်,18။ နန်းမား ကျးရွာအပ်စ
6,6,ကချင်ြပည်နယ်,19။ နမ့် စာ် လာ် ကျးရွာအပ်စ
6,6,ကချင်ြပည်နယ်,20။ အင်းကန်း  ကျးရွာ  အပ်စ
6,6,ကချင်ြပည်နယ်,21။  ညာင်ပင်သာ ကျးရွာအပ်စ
6,6,ကချင်ြပည်နယ်,22။  တာင်အင်း  ကျးရွာ အပ်စ
6,6,ကချင်ြပည်နယ်,23။ လယ်မီး ကျးရွာ အပ်စ။
7,7,ကချင်ြပည်နယ်,မိးညင်း မို ့နယ်အတွင်းရှိ  2။ ြမသီတာရပ်ကွက်(ဟိပင် မို ့)
7,7,ကချင်ြပည်နယ်,3။  မို ့မ တာင် ရပ်ကွက်  (ဟိပင် မို ့)
7,7,ကချင်ြပည်နယ်,4။ မို ့မ ြမာက်ရပ်ကွက်(ဟိပင် မို ့)
7,7,ကချင်ြပည်နယ်,5။ နန် ့မွနး်  ကျးရွာ အပ်စ
7,7,ကချင်ြပည်နယ်,6။ လးတ  ကျးရွာ အပ်စ
7,7,ကချင်ြပည်နယ်,7။ မမန်ကိင်  ကျးရွာ အပ်စ
7,7,ကချင်ြပည်နယ်,8။ လွဲမွန်  ကျးရွာ အပ်စ
7,7,ကချင်ြပည်နယ်,9။  ညာင်ပင်  ကျးရွာ အပ်စ
7,7,ကချင်ြပည်နယ်,10။လးစန် ့ ကျးရွာ အပ်စ
7,7,ကချင်ြပည်နယ်,11။  ချာင်းဝ  ကျးရွာ အပ်စ
7,7,ကချင်ြပည်နယ်,12။မြပင်  ကျးရွာ အပ်စ
7,7,ကချင်ြပည်နယ်,13။ ပန်းလား  ကျးရွာ အပ်စ
7,7,ကချင်ြပည်နယ်,14။ဟဲပ  ကျးရွာ အပ်စ
7,7,ကချင်ြပည်နယ်,15။ မိင်းပတ်  ကျးရွာအပ်စ
7,7,ကချင်ြပည်နယ်,16။တကွင်း ကျးရွာအပ်စ
7,7,ကချင်ြပည်နယ်,17။ အင်း လး  ကျးရွာအပ်စ
7,7,ကချင်ြပည်နယ်,18။ မို ့သစ်က လး ကျးရွာအပ်စ
7,7,ကချင်ြပည်နယ်,19။ နန် ့ရင်း  ကျးရွာ  အပ်စ
7,7,ကချင်ြပည်နယ်,20။  ကာ ကီးကွငး်  ကျးရွာ  အပ်စ
7,7,ကချင်ြပည်နယ်,21။ ခနစ်မိင်ကန်းတန်း ကျးရွာ  အပ်စ
7,7,ကချင်ြပည်နယ်,22။ ရွာသစ် ကီး  ကျးရွာ အပ်စ
7,7,ကချင်ြပည်နယ်,23။  ဇာတိကန်း ကျးရွာအပ်စ။
8,8,ကချင်ြပည်နယ်,မိး ကာင်း မို ့နယ် တစ်ခလး။
9,9,ကချင်ြပည်နယ်,ဖားကန် ့မို ့နယ် တစ်ခလး။
10,10,ကချင်ြပည်နယ်,ဗန်း မာ် မို ့နယ် တစ်ခလး။
11,11,ကချင်ြပည်နယ်,မိး မာက် မို ့နယ် တစ်ခလး။
12,12,ကယားြပည်နယ်,မစီ မို ့နယ် နှင့် ရကူ မို ့နယ်။
1,1,ကယားြပည်နယ်,လွိုင် ကာ် မို ့နယ် အတွငး် ရှိ 1။  (လွိုင် ကာ် မို ့)
1,1,ကယားြပည်နယ်,2။  နာင်ယား (ခ) ရပ်ကွက်(လွိုင် ကာ် မို ့)
1,1,ကယားြပည်နယ်,3။  မင်းစရပ်ကွက်(လွိုင် ကာ် မို ့)
1,1,ကယားြပည်နယ်,4။  ဒါနိးကူးရပ်ကွက်  (လွိုင် ကာ် မို ့)
1,1,ကယားြပည်နယ်,5။ ချိကယ် ကျးရွာအပ်စ
1,1,ကယားြပည်နယ်,6။ တီးလ ကျးရွာ  အပ်စ
1,1,ကယားြပည်နယ်,7။ လွိုင်လင် လး ကျးရွာအပ်စ
1,1,ကယားြပည်နယ်,8။ ကန်းသာ ကျးရွာ  အပ်စ
1,1,ကယားြပည်နယ်,9။  ဒါ ပ ကလဲ ကျးရွာအပ်စ
1,1,ကယားြပည်နယ်,10။ နိးကိး ကျးရွာ  အပ်စ
1,1,ကယားြပည်နယ်,11။ ထီးစဲခါး ကျးရွာအပ်စ
1,1,ကယားြပည်နယ်,12။ နွားလဝိး ကျးရွာ အပ်စ။
2,2,ကယားြပည်နယ်,လွိုင် ကာ် မို ့နယ်အတွင်းရှိ 1။  မို ့)
2,2,ကယားြပည်နယ်,2။ ဓမ္မာရရပ်ကွက(် လွိုင် ကာ် မို ့)
2,2,ကယားြပည်နယ်,3။ ရ တာင်ရပ်ကွက်  (လွိုင် ကာ် မို ့)
2,2,ကယားြပည်နယ်,4။ မဂလာရပ်ကွက(် လွိုင် ကာ် မို ့)
2,2,ကယားြပည်နယ်,5။ မိင်းလး  ရပ်ကွက်(လွိုင် ကာ် မို ့)
2,2,ကယားြပည်နယ်,6။ လာဓမ္မရပ်ကွက် (လွိုင် ကာ် မို ့)
2,2,ကယားြပည်နယ်,7။  ဒါတမ္မရပ်ကွက်(လွိုင် ကာ် မို ့)
2,2,ကယားြပည်နယ်,8။  ဒါဥခူရပ်ကွက်  (လွိုင် ကာ် မို ့)
2,2,ကယားြပည်နယ်,9။  ရှမ်းစရပ်ကွက်  (လွိုင် ကာ် မို ့)
2,2,ကယားြပည်နယ်,10။ ပန်ကန်း ကျးရွာအပ်စ
2,2,ကယားြပည်နယ်,11။ မ ထာခူ ကျးရွာ အပ်စ
2,2,ကယားြပည်နယ်,12။ လာပိတ ကျးရွာအပ်စ
2,2,ကယားြပည်နယ်,13။ ပါ လာင်း ကျးရွာ အပ်စ။
3,6,ကယားြပည်နယ်,ဒီး မာ့ဆိ မို ့နယ်အတွင်းရှိ  2။  ဘရားြဖူ ကျးရွာအပ်စ
3,6,ကယားြပည်နယ်,3။  နန်းမယ်ခ ကျးရွာအပ်စ
3,6,ကယားြပည်နယ်,4။  အိ က ကျးရွာအပ်စ
3,6,ကယားြပည်နယ်,5။  ဒါဘူးကူး ကျးရွာ  အပ်စ
3,6,ကယားြပည်နယ်,မိင် ကျးရွာ အပ်စ
3,6,ကယားြပည်နယ်,8။  ဒါက လာ် ဒူ ကျးရွာ အပ်စ
3,6,ကယားြပည်နယ်,9။  ဒါဖ ကျးရွာ အပ်စ
3,6,ကယားြပည်နယ်,10။ ထီးဖိးကလိး ကျးရွာအပ်စ
3,6,ကယားြပည်နယ်,11။ ဒါတမ ကီး ကျးရွာအပ်စ။
4,4,ကယားြပည်နယ်,ဒီး မာ့ဆိ မို ့နယ်အတွင်းရှိ 1။ မို ့မရပ်ကွက် (ဒီး မာ့ဆိ မို ့)
4,4,ကယားြပည်နယ်,2။ ဆာင်ဒူ ရွာသစ် ကျးရွာ အပ်စ
4,4,ကယားြပည်နယ်,3။ သးဆူလဲ  ကျးရွာ  အပ်စ
4,4,ကယားြပည်နယ်,4။ ဝါ သာခိရွာသစ် ကျးရွာ အပ်စ
4,4,ကယားြပည်နယ်,5။  ဒါ တာ်ကူး  ကျးရွာ အပ်စ
4,4,ကယားြပည်နယ်,6။  နာင်ပလဲ ကျးရွာ အပ်စ
4,4,ကယားြပည်နယ်,7။ ဒီး မာ့ဆိ  ကျးရွာ အပ်စ
4,4,ကယားြပည်နယ်,8။  ဒါ ရာက်ခူ ကျးရွာ အပ်စ
4,4,ကယားြပည်နယ်,9။ လိဘာခိ  ကျးရွာ အပ်စ
4,4,ကယားြပည်နယ်,10။ ဝါဘန်းပလိ ့ ကျးရွာ အပ်စ
4,4,ကယားြပည်နယ်,11။ လိပူ  ကျးရွာ အပ်စ
4,4,ကယားြပည်နယ်,12။ ြမလဲ ကျးရွာ အပ်စ
4,4,ကယားြပည်နယ်,13။ ဟိဝမ် ကျးရွာ  အပ်စ
4,4,ကယားြပည်နယ်,14။ ဆာင်ဒူလာ ကျးရွာ အပ်စ
4,4,ကယားြပည်နယ်,15။ ပန်ပက် ကျးရွာ  အပ်စ
4,4,ကယားြပည်နယ်,16။ ခူးပရာ ကျးရွာ အပ်စ။
5,5,ကျးရွာ အပ်စ။,ဖရူဆိ မို ့နယ်အတွင်းရှိ 1။  2။ ထီးကူးဆိရပ်ကွက(် ဖရူဆိ မို ့)
5,5,ကျးရွာ အပ်စ။,3။ ဒီးဒါးကူးရပ်ကွက်(ဖရူဆိ  မို ့)
5,5,ကျးရွာ အပ်စ။,4။  လာဘူးဒါးရပ်ကွက(် ဖရူဆိ မို ့)
5,5,ကျးရွာ အပ်စ။,5။ ဖရူဆိ ကျးရွာ  အပ်စ
5,5,ကျးရွာ အပ်စ။,6။ ထီး ပ ဆိ ကျးရွာအပ်စ
5,5,ကျးရွာ အပ်စ။,7။ မာခ ရာ် ရှ ့ ကျးရွာ  အပ်စ
5,5,ကျးရွာ အပ်စ။,8။ ကးလျား( ကယ်ဖိး ကီး) ကျးရွာအပ်စ
5,5,ကျးရွာ အပ်စ။,9။ တာ်ခူ
6,6,ကျးရွာ အပ်စ။,ဖရူဆိ မို ့နယ်အတွငး် ရှိ 1။ ထီးတရဲရပ်ကက  ွ ်(ဖရူဆိ မို ့)
6,6,ကျးရွာ အပ်စ။,2။ မိဆိ  ကျးရွာ အပ်စ
6,6,ကျးရွာ အပ်စ။,3။ ဒိးလာ စာ ကျးရွာ အပ်စ
6,6,ကျးရွာ အပ်စ။,4။ ဒိးပရယ်  ကျးရွာ အပ်စ
6,6,ကျးရွာ အပ်စ။,5။ ရာဧပရား  ကျးရွာ အပ်စ
6,6,ကျးရွာ အပ်စ။,6။ ဟိယာ  ကျးရွာ အပ်စ
6,6,ကျးရွာ အပ်စ။,7။ ဒိမိ စာ ကျးရွာ အပ်စ
6,6,ကျးရွာ အပ်စ။,8။  ရာ် ဒ ခါ  ကျးရွာ အပ်စ
6,6,ကျးရွာ အပ်စ။,9။  က ကာ ကျးရွာ အပ်စ
6,6,ကျးရွာ အပ်စ။,10။ သိသီးဖိ
7,7,ကယားြပည်နယ်,ရှား တာ မို ့နယ် တစ်ခလး။
8,8,ကယားြပည်နယ်,ဘာလခဲ မို ့နယ်အတွင်းရှိ 1။ ရှမ်းပိင်းရပ်ကွက်( ဘာလခဲ မို ့)
8,8,ကယားြပည်နယ်,2။ ကယားပိင်းရပ်ကွက် ( ဘာလခဲ မို ့)
8,8,ကယားြပည်နယ်,3။နန်းဖဲ ကျးရွာအပ်စ
8,8,ကယားြပည်နယ်,4။ ဘူးခူ ကျးရွာအပ်စ။
9,9,ကယားြပည်နယ်,ဘာလခဲ မို ့နယ်အတွငး် ရှိ 1။  2။  တာင်ပိင်းရပ်ကွက်(ရွာသစ် မို ့)
9,9,ကယားြပည်နယ်,3။ လွယ်ဝိင်း ကျးရွာ  အပ်စ
9,9,ကယားြပည်နယ်,4။  ဘာလခဲ ကျးရွာအပ်စ
9,9,ကယားြပည်နယ်,5။ ချိကဲွ ့ ကျးရွာ အပ်စ
9,9,ကယားြပည်နယ်,6။ စာလ ကျးရွာ အပ်စ
9,9,ကယားြပည်နယ်,7။ ဝမ်လွဲ ့ ကျးရွာ အပ်စ။
10,10,ကယားြပည်နယ်,ဖား ဆာင်း မို ့နယ်အတွငး် ရှိ  (ဖား ဆာင်း မို ့)
10,10,ကယားြပည်နယ်,2။  တာင်ပိင်းရပ်ကွက် (ဖား ဆာင်း မို ့)
10,10,ကယားြပည်နယ်,3။ ဖား ဆာင်း ကျးရွာအပ်စ
10,10,ကယားြပည်နယ်,4။ ဝမ် အာင်း ကျးရွာအပ်စ
10,10,ကယားြပည်နယ်,5။ ဘဟန်း လာ့ ကျးရွာအပ်စ။
11,11,ကယားြပည်နယ်,ဖား ဆာင်း မိုနယ်  ့ အတွင်းရှိ 1။ ကွာခီး ကျးရွာအပ်စ
11,11,ကယားြပည်နယ်,2။ ကာ်သူ  ဒိး  ကျးရွာအပ်စ
11,11,ကယားြပည်နယ်,3။  မာ်ချီး ကျးရွာအပ်စ
11,11,ကယားြပည်နယ်,4။ ကရယ်ခးီ  ကျးရွာအပ်စ
11,11,ကယားြပည်နယ်,5။ မိဆာခီး ကျးရွာအပ်စ။
12,12,ကရင်ြပည်နယ်,မယ်စဲ မို ့နယ် တစ်ခလး။
1,1,အပ်စ။,ဘားအ မို ့နယ်အတွငး် ရှိ  2။ ဇီး တာရပ်ကွက(် ဘားအ မို ့)
1,1,အပ်စ။,3။ ြပည် ထာင်စရပ်ကွက်  (ဘားအ မို ့)
1,1,အပ်စ။,4။ ဇွဲမာန်လွင်ရပ်ကွက(် ဘားအ မို ့)
1,1,အပ်စ။,5။ ထာင်ဝိ  ွ ်(ဘားအ မို ့)
1,1,အပ်စ။,6။ ကာ့လက် ကျးရွာအပ်စ
1,1,အပ်စ။,7။ တရတ်လှ  ကျးရွာအပ်စ
1,1,အပ်စ။,8။ ဝင်းကျန် ကျးရွာအပ်စ
1,1,အပ်စ။,9။  ကာ့တရတ်ရ  ကျးရွာအပ်စ
1,1,အပ်စ။,10။ ကာ့ထမ္မလိန်း ကျးရွာအပ်စ
1,1,အပ်စ။,11။ ကာ့  သင်း ကျးရွာအပ်စ
1,1,အပ်စ။,12။ ကျုဖဲ ကျးရွာအပ်စ
1,1,အပ်စ။,13။ ကျု စာင့်  ကျးရွာ အပ်စ
1,1,အပ်စ။,14။ ကာ့သင်းရှူး(ထမ္မတိင်) ကျးရွာ အပ်စ
1,1,အပ်စ။,15။  ကာ့စိန်ဘန်( အာက်) ကျးရွာအပ်စ
1,1,အပ်စ။,16။  ကာ့ကဒါ  ကျးရွာအပ်စ
1,1,အပ်စ။,17။  ကာ့မူးတာ ကျးရွာအပ်စ
1,1,အပ်စ။,18။ ကခရဲ  ကျးရွာအပ်စ
1,1,အပ်စ။,19။ ခရဲ(ကမ်းနား) ကျးရွာအပ်စ
1,1,အပ်စ။,20။ ခယား  (အတွင်း) ကျးရွာ အပ်စ
1,1,အပ်စ။,21။ ခယား(အြပင်)  ကျးရွာအပ်စ
1,1,အပ်စ။,22။ ခ လာက် ထာင် ကျးရွာ အပ်စ
1,1,အပ်စ။,23။ ဂျိုင်း ကျးရွာ အပ်စ
1,1,အပ်စ။,24။ ဇာသြပင်(အ နာက်) ကျးရွာ အပ်စ
1,1,အပ်စ။,25။ တာ်ပ ကျးရွာ  အပ်စ
1,1,အပ်စ။,26။  နာင်လ(အ ရှ )့ ကျးရွာအပ်စ
1,1,အပ်စ။,27။  နာင်လ  (အ နာက်)  ကျးရွာအပ်စ
1,1,အပ်စ။,28။  နာင်ကန်း ကျးရွာအပ်စ
1,1,အပ်စ။,29။ နတ်ထိပ် ကျးရွာအပ်စ
1,1,အပ်စ။,30။ နတ်က န်း ကျးရွာ အပ်စ
1,1,အပ်စ။,31။  နာင်ပလိန် ကျးရွာ အပ်စ
1,1,အပ်စ။,32။ ဗျက္ခ ကျးရွာ အပ်စ
1,1,အပ်စ။,33။ မိသ ရာင် ကျးရွာ အပ်စ
1,1,အပ်စ။,34။ ရဲသာ ကျးရွာအပ်စ
1,1,အပ်စ။,35။ လက္ခဏ ကျးရွာအပ်စ
1,1,အပ်စ။,36။ လှာက ဒါင် ကျးရွာ အပ်စ
1,1,အပ်စ။,37။ လွန်းည ကျးရွာ အပ်စ
1,1,အပ်စ။,38။ လင်ကဘာ ကျးရွာအပ်စ
1,1,အပ်စ။,39။ သလှယ် ကျးရွာအပ်စ
1,1,အပ်စ။,40။ သာယာကန်း ကျးရွာအပ်စ
1,1,အပ်စ။,41။ သာမည ကျးရွာ အပ်စ
1,1,အပ်စ။,42။ အန်းတပင် ကျးရွာ အပ်စ
1,1,အပ်စ။,43။ အိန္ဒဲ ကျးရွာအပ်စ
1,1,အပ်စ။,44။ စဖရီး ကျးရွာအပ်စ
1,1,အပ်စ။,45။ ထာင်  ကလပ် ကျးရွာအပ်စ
1,1,အပ်စ။,46။ အိန္ဒု ကျးရွာအပ်စ
1,1,အပ်စ။,47။ ကာ့စိန်ဘန်  (အထက်)  ကျးရွာ အပ်စ
1,1,အပ်စ။,48။  ရ တာ ကျးရွာအပ်စ
1,1,အပ်စ။,49။ ဇာသြပင်(အ ရှ )့ ကျးရွာအပ်စ
1,1,အပ်စ။,50။ ကာ့လမ ကျးရွာ
2,2,ကျးရွာ အပ်စ။,ဘားအ မို ့နယ်အတွငး် ရှိ 1။ သရက် တာ
2,2,ကျးရွာ အပ်စ။,မိုင်သဇင်
2,2,ကျးရွာ အပ်စ။,ကာအင်း  ရပ်ကွက် (ဘားအ မို ့)
2,2,ကျးရွာ အပ်စ။,2။  စျးတန်းရပ်ကွက်(ဘားအ မို ့)
2,2,ကျးရွာ အပ်စ။,3။ အာင်နန်းမဂလာရပ်ကွက(် ဘားအ မို ့)
2,2,ကျးရွာ အပ်စ။,4။  ရတနာဒီပ  ရပ်ကွက်(ဘားအ မို ့)
2,2,ကျးရွာ အပ်စ။,5။ ကာ့သခါ ကျးရွာ အပ်စ
2,2,ကျးရွာ အပ်စ။,6။ ကာ့  ကျိုက်(ဖအွ) ကျးရွာ အပ်စ
2,2,ကျးရွာ အပ်စ။,7။ ကာ့ဂန  အပ်စ
2,2,ကျးရွာ အပ်စ။,8။  ကာ့ဂန  ွ း် (ဘားကပ်) ကျးရွာ အပ်စ
2,2,ကျးရွာ အပ်စ။,9။  ကာ့ရင်း  ( အာက်) ကျးရွာအပ်စ
2,2,ကျးရွာ အပ်စ။,10။  ကာ့ ထာ် ကျးရွာအပ်စ
2,2,ကျးရွာ အပ်စ။,11။ ကျာက်တလး ကျးရွာအပ်စ
2,2,ကျးရွာ အပ်စ။,12။ ခဲ တာက် ကျးရွာအပ်စ
2,2,ကျးရွာ အပ်စ။,13။ ဆင်ကျုး ကျးရွာ အပ်စ
2,2,ကျးရွာ အပ်စ။,14။ ကလားစ  ကျးရွာအပ်စ
2,2,ကျးရွာ အပ်စ။,15။ ထးအိင် ကျးရွာ အပ်စ
2,2,ကျးရွာ အပ်စ။,16။ နာင်ထလး ကျးရွာအပ်စ
2,2,ကျးရွာ အပ်စ။,17။ နှစ်ြခား ကျးရွာအပ်စ
2,2,ကျးရွာ အပ်စ။,18။  နာင်ကျန်  ကျးရွာအပ်စ
2,2,ကျးရွာ အပ်စ။,19။ ပန်းကန်း ကျးရွာအပ်စ
2,2,ကျးရွာ အပ်စ။,20။ ဖဲကတာ ကျးရွာအပ်စ
2,2,ကျးရွာ အပ်စ။,21။ ဖအွ ကျးရွာ အပ်စ
2,2,ကျးရွာ အပ်စ။,22။ ဘားကပ် ကျးရွာ အပ်စ
2,2,ကျးရွာ အပ်စ။,23။ မိဇ  ကျးရွာအပ်စ
2,2,ကျးရွာ အပ်စ။,24။  ကာ့ကးူ ကျးရွာ အပ်စ
2,2,ကျးရွာ အပ်စ။,25။ မိကရင်  ကျးရွာအပ်စ
2,2,ကျးရွာ အပ်စ။,26။ မက္က ဒိ ကျးရွာ အပ်စ
2,2,ကျးရွာ အပ်စ။,27။ မိုင်က လး  ကျးရွာအပ်စ
2,2,ကျးရွာ အပ်စ။,28။ မင်းက ကျးရွာ အပ်စ
2,2,ကျးရွာ အပ်စ။,29။ ရ သ့ပျ  ကျးရွာ အပ်စ
2,2,ကျးရွာ အပ်စ။,30။  ရ ကျာ် ကျးရွာ အပ်စ
2,2,ကျးရွာ အပ်စ။,31။ မင်းဇီ  ကျးရွာအပ်စ
2,2,ကျးရွာ အပ်စ။,32။  ဝဲ ကီး ကျးရွာအပ်စ
2,2,ကျးရွာ အပ်စ။,33။  ဝတ် ကီး  ကျးရွာ အပ်စ
2,2,ကျးရွာ အပ်စ။,34။  ကာ့ရင်း(အထက်)  ကျးရွာ အပ်စ
2,2,ကျးရွာ အပ်စ။,35။ ဘင်ဂျီ ကျးရွာ အပ်စ
2,2,ကျးရွာ အပ်စ။,36။ လှာကာ  ကျးရွာ အပ်စ
2,2,ကျးရွာ အပ်စ။,37။ လှာကြမင် ကျးရွာ အပ်စ
2,2,ကျးရွာ အပ်စ။,38။ တ ကာင် ဘိး ကျးရွာ  အပ်စ
2,2,ကျးရွာ အပ်စ။,39။ တတားဦး ကျးရွာအပ်စ
2,2,ကျးရွာ အပ်စ။,40။ ကျုမသွယ် ကျးရွာ  အပ်စ
2,2,ကျးရွာ အပ်စ။,41။ မီးဇိင်း ကျးရွာအပ်စ
2,2,ကျးရွာ အပ်စ။,42။ အီဟယ် ကျးရွာအပ်စ
2,2,ကျးရွာ အပ်စ။,43။  နာင်က မိုင် ကျးရွာ အပ်စ
2,2,ကျးရွာ အပ်စ။,44။  ပါ့ ထာ် ကျးရွာ  အပ်စ
2,2,ကျးရွာ အပ်စ။,45။ ပျဉ်းမပင်ဆိပ် ကျးရွာအပ်စ
2,2,ကျးရွာ အပ်စ။,46။ ဟတ္တ လိက်  ကျးရွာအပ်စ
2,2,ကျးရွာ အပ်စ။,47။ ကျု ထာ် ကျးရွာအပ်စ
2,2,ကျးရွာ အပ်စ။,48။ မဲသန  ကျးရွာအပ်စ
2,2,ကျးရွာ အပ်စ။,49။ တ ဂး လာင်း ကျးရွာအပ်စ
2,2,ကျးရွာ အပ်စ။,50။ ကာ်ဟဲ
3,3,ကရင်ြပည်နယ်,လင်းဘွဲ ့ မို ့နယ်အတွင်းရှိ 1။ (က)ရပ်ကွက်(လင်းဘွဲ ့ မို ့)
3,3,ကရင်ြပည်နယ်,2။(ခ)  ရပ်ကွက်(လင်းဘွဲ ့ မို ့)
3,3,ကရင်ြပည်နယ်,3။ (ဂ)ရပ်ကွက်(လင်းဘွဲ ့ မို ့)
3,3,ကရင်ြပည်နယ်,4။ (ဃ)  ရပ်ကွက်(လင်းဘွဲ ့ မို ့)
3,3,ကရင်ြပည်နယ်,5။  က မာ့ကချူး ကျးရွာအပ်စ
3,3,ကရင်ြပည်နယ်,6။  ကာ့လင်း ကျးရွာ အပ်စ
3,3,ကရင်ြပည်နယ်,7။ ကွမ်ဘီ ကျးရွာ အပ်စ
3,3,ကရင်ြပည်နယ်,8။ ပိန္နဲ  တာ ကျးရွာ အပ်စ
3,3,ကရင်ြပည်နယ်,9။ ကွမ်တာ ကျးရွာ အပ်စ
3,3,ကရင်ြပည်နယ်,10။ ဒိင်းြပ  ကျးရွာ အပ်စ
3,3,ကရင်ြပည်နယ်,11။ ဆင်ကူး ကျးရွာ အပ်စ
3,3,ကရင်ြပည်နယ်,12။ အထက် ရပူ  ကျးရွာ အပ်စ
3,3,ကရင်ြပည်နယ်,13။  အာက် ရပူ ကျးရွာ  အပ်စ
3,3,ကရင်ြပည်နယ်,14။ သမ္ဘာန်  ကျးရွာ အပ်စ
3,3,ကရင်ြပည်နယ်,15။  နာင်သငဲ့ ကျးရွာ  အပ်စ
3,3,ကရင်ြပည်နယ်,16။ သပတိ  ကျးရွာ အပ်စ
3,3,ကရင်ြပည်နယ်,17။ ကာအင်း ကျးရွာ  အပ်စ
3,3,ကရင်ြပည်နယ်,18။  ရဂွနး်  ကျးရွာ အပ်စ
3,3,ကရင်ြပည်နယ်,19။ကိ မာင် ကျးရွာ  အပ်စ
3,3,ကရင်ြပည်နယ်,20။ ြမ လး ကျးရွာအပ်စ
3,3,ကရင်ြပည်နယ်,21။ အင်းနိသိပ္ပ  ကျးရွာ  အပ်စ
3,3,ကရင်ြပည်နယ်,22။ တဝန်ဖန်ရ ကျးရွာ အပ်စ
3,3,ကရင်ြပည်နယ်,23။ ကျုပကိ ကျးရွာ  အပ်စ
3,3,ကရင်ြပည်နယ်,24။ ဂျို ့ ချာင်း ကျးရွာ အပ်စ
3,3,ကရင်ြပည်နယ်,25။ ဥ ဒါင်း ကျးရွာ  အပ်စ
3,3,ကရင်ြပည်နယ်,26။ တခင်းလး ကျးရွာအပ်စ
3,3,ကရင်ြပည်နယ်,27။ သာယာကန်း  (ကပ္ပလီ) ကျးရွာအပ်စ
3,3,ကရင်ြပည်နယ်,28။ နာ ကာ ကျးရွာအပ်စ
3,3,ကရင်ြပည်နယ်,29။ ထီလ  ကျးရွာအပ်စ
3,3,ကရင်ြပည်နယ်,30။ ဝင်းစိန် ကျးရွာအပ်စ
3,3,ကရင်ြပည်နယ်,31။  နာင်တိင်  ကျးရွာအပ်စ
3,3,ကရင်ြပည်နယ်,32။ ထသိန် ကိုးဝိင်း ကျးရွာအပ်စ
3,3,ကရင်ြပည်နယ်,33။ ပတ်
4,9,ကျးရွာ အပ်စ။,လင်းဘွဲ ့ မို ့နယ်အတွင်းရှိ 1။ အမှတ် (1) ရပ်ကွက် (ပိင်ကျု မို ့)
4,9,ကျးရွာ အပ်စ။,2။ အမှတ် (2) ရပ်ကွက်(ပိင်ကျု မို ့)
4,9,ကျးရွာ အပ်စ။,3။ အမှတ် (3) ရပ်ကွက်
4,9,ကျးရွာ အပ်စ။,4။ အမှတ် (4)ရပ်ကွက်(ပိင်ကျု မို ့)
4,9,ကျးရွာ အပ်စ။,5။ အမှတ်ရပ်ကွက်(ပိင်ကျု မို ့)
4,9,ကျးရွာ အပ်စ။,6။ အမှတ် (1)ရပ်ကွက် (ရှမ်းရွာသစ်
4,9,ကျးရွာ အပ်စ။,7။ အမှတ် (2) ရပ်ကွက်(ရှမ်းရွာသစ် မို ့)
4,9,ကျးရွာ အပ်စ။,8။ အမှတ် (3)
4,9,ကျးရွာ အပ်စ။,9။ အမှတ် (4) ရပ်ကွက်(ရှမ်းရွာ  သစ် မို ့) 10။ ကစိ ကျးရွာ အပ်စ
4,9,ကျးရွာ အပ်စ။,11။ နာင်ခလး ကျးရွာ  အပ်စ
4,9,ကျးရွာ အပ်စ။,12။ မိးနိင်း  ကျးရွာ အပ်စ
4,9,ကျးရွာ အပ်စ။,13။ ဝင်းဖရ  ကျးရွာ  အပ်စ
4,9,ကျးရွာ အပ်စ။,14။ နာင်ဘိး ကီး ကျးရွာအပ်စ
4,9,ကျးရွာ အပ်စ။,15။ ရွာကိင်း ကာင်း  ကျးရွာ အပ်စ
4,9,ကျးရွာ အပ်စ။,16။ ကာ့နွဲ ့ ကျးရွာ အပ်စ
4,9,ကျးရွာ အပ်စ။,17။ နာင်ြမလွဲ  ကျးရွာအပ်စ
4,9,ကျးရွာ အပ်စ။,18။ ကာ့ဖမွတ် ကျးရွာအပ်စ
4,9,ကျးရွာ အပ်စ။,9။ ကာ့မရိင်း  ကျးရွာအပ်စ
4,9,ကျးရွာ အပ်စ။,20။  ဒ လန်း ကျးရွာအပ်စ
4,9,ကျးရွာ အပ်စ။,21။ ပတ ကျးရွာ  အပ်စ
4,9,ကျးရွာ အပ်စ။,22။  ရပူ ကီး  ကျးရွာ အပ်စ
4,9,ကျးရွာ အပ်စ။,23။ ကက်တူ ရွး  ကျးရွာ အပ်စ
4,9,ကျးရွာ အပ်စ။,24။ ပါ လာက် ကျးရွာ အပ်စ
4,9,ကျးရွာ အပ်စ။,25။ ပါင်  ကျးရွာ အပ်စ
4,9,ကျးရွာ အပ်စ။,26။ ထန်းတပင် ကျးရွာ အပ်စ
4,9,ကျးရွာ အပ်စ။,27။ နာင်ခးီွ  ကျးရွာ အပ်စ
4,9,ကျးရွာ အပ်စ။,28။ ဘီစကတ် ကျးရွာ အပ်စ
4,9,ကျးရွာ အပ်စ။,29။ ထီဖိးကိန်  ကျးရွာ အပ်စ
4,9,ကျးရွာ အပ်စ။,30။ တာကရား ကျးရွာ အပ်စ
4,9,ကျးရွာ အပ်စ။,31။ ဝင်း စာ  ကျးရွာ အပ်စ
4,9,ကျးရွာ အပ်စ။,32။  လာ် ကာ်  ကျးရွာ အပ်စ
4,9,ကျးရွာ အပ်စ။,33။ မဲပရ  ကျးရွာ အပ်စ
4,9,ကျးရွာ အပ်စ။,34။ မိ ကာင် ကျးရွာ အပ်စ
4,9,ကျးရွာ အပ်စ။,35။ တာလယ်  ကျးရွာ အပ်စ
4,9,ကျးရွာ အပ်စ။,36။ သမိ ကျးရွာအပ်စ
4,9,ကျးရွာ အပ်စ။,37။ နွဲ ့ပညာ ကျးရွာ  အပ်စ
4,9,ကျးရွာ အပ်စ။,38။  ကဒီက ကျးရွာအပ်စ
4,9,ကျးရွာ အပ်စ။,39။  ကာ့ြမတ် ကီး  ကျးရွာ အပ်စ
4,9,ကျးရွာ အပ်စ။,40။ တာ ပါင် ကျးရွာ အပ်စ
4,9,ကျးရွာ အပ်စ။,41။ မ မာ့လဲ  (မအဲ) (အလယ်)  ကျးရွာ အပ်စ
4,9,ကျးရွာ အပ်စ။,42။ က မာ့လဲ ( ကျာင်း)  ကျးရွာ အပ်စ
4,9,ကျးရွာ အပ်စ။,43။ မဲ လာခီး  ကျးရွာ အပ်စ
4,9,ကျးရွာ အပ်စ။,44။ မဲသမူ  ကျးရွာ အပ်စ
4,9,ကျးရွာ အပ်စ။,45။ စာ လာ ကျးရွာ အပ်စ
4,9,ကျးရွာ အပ်စ။,46။ ရင်းဘိင်း  ကျးရွာ အပ်စ
4,9,ကျးရွာ အပ်စ။,47။ ရတခွန် ကျးရွာ အပ်စ
4,9,ကျးရွာ အပ်စ။,48။ မဲလ ရာ  ကျးရွာ အပ်စ
4,9,ကျးရွာ အပ်စ။,49။ ပထလာပ ကျးရွာ အပ်စ
4,9,ကျးရွာ အပ်စ။,50။ ပိးပ လ  ကျးရွာ အပ်စ
4,9,ကျးရွာ အပ်စ။,51။ ကွီး လး ကျးရွာ အပ်စ
4,9,ကျးရွာ အပ်စ။,52။ တခွက်ဖိး
5,4,ူ းီ ကျးရွာ အပ်စ။,ဖာပွန် မို ့နယ်အတွငး် ရှိ  2။  ွ ်(ဖာပွန် မို ့)
5,4,ူ းီ ကျးရွာ အပ်စ။,ရပ်ကက  3။  အမှတ်(3)ရပ်ကက
5,4,ူ းီ ကျးရွာ အပ်စ။,4။ အမှတ်(4)ရပ်ကွက်(ဖာပွန် မို ့)
5,4,ူ းီ ကျးရွာ အပ်စ။,5။ ဖာပွန်  (အ နာက်)  ကျးရွာအပ်စ
5,4,ူ းီ ကျးရွာ အပ်စ။,6။  မဲသလွတ် ကျးရွာအပ်စ
5,4,ူ းီ ကျးရွာ အပ်စ။,7။  တခွနတ  ိ ကျးရွာအပ်စ
5,4,ူ းီ ကျးရွာ အပ်စ။,8။  ဝှဆန် ကျးရွာအပ်စ
5,4,ူ းီ ကျးရွာ အပ်စ။,9။ မ ထာ ကျးရွာအပ်စ
5,4,ူ းီ ကျးရွာ အပ်စ။,10။ ခါပတ် ကျးရွာအပ်စ
5,4,ူ းီ ကျးရွာ အပ်စ။,11။ ပန်  ဟိက် ကျးရွာအပ်စ
5,4,ူ းီ ကျးရွာ အပ်စ။,12။ ဘွားဒိး ကျးရွာအပ်စ
5,4,ူ းီ ကျးရွာ အပ်စ။,13။ ပျဉ်းမ  ကျးရွာအပ်စ
5,4,ူ းီ ကျးရွာ အပ်စ။,14။ တးမူဒးိ ကျးရွာအပ်စ
5,4,ူ းီ ကျးရွာ အပ်စ။,15။ ကာ့လူဒိး  ကျးရွာအပ်စ
5,4,ူ းီ ကျးရွာ အပ်စ။,16။ ဘဲ စာ လာ် ကျးရွာအပ်စ
5,4,ူ းီ ကျးရွာ အပ်စ။,17။ ထီး ဘာခီး  ကျးရွာအပ်စ
5,4,ူ းီ ကျးရွာ အပ်စ။,18။ မင်းနန်းနွယ် ကျးရွာအပ်စ
5,4,ူ းီ ကျးရွာ အပ်စ။,19။ နန်းခူခးီ  ကျးရွာအပ်စ
5,4,ူ းီ ကျးရွာ အပ်စ။,20။ မဲဝင်  ိ ကျးရွာ အပ်စ
5,4,ူ းီ ကျးရွာ အပ်စ။,21။  ကျာက် တာင်  ကျးရွာအပ်စ
5,4,ူ းီ ကျးရွာ အပ်စ။,22။ မဲတခ
6,4,ကရင်ြပည်နယ်အဆက်,ဖာပွန် မို ့နယ်အတွငး် ရှိ 1။ အမှတ(် 1)ရပ်ကက  2။ အမှတ်(2)ရပ်ကက  ွ ် (ကမ မာင်း မို ့)
6,4,ကရင်ြပည်နယ်အဆက်,3။ အမှတ(် 3)ရပ်ကက
6,4,ကရင်ြပည်နယ်အဆက်,4။ အမှတ်(4)ရပ် ကွက် (ကမ မာင်း မို ့)
6,4,ကရင်ြပည်နယ်အဆက်,5။  ဆင်ဆယ  ွ ် ကျးရွာအပ်စ
6,4,ကရင်ြပည်နယ်အဆက်,6။  ကတိင်တိ ကျးရွာအပ်စ
6,4,ကရင်ြပည်နယ်အဆက်,7။  ဒးဝါး(နတ် ကျာက်) ကျးရွာအပ်စ
6,4,ကရင်ြပည်နယ်အဆက်,8။  ရဖလားကျ  ကျးရွာအပ်စ
6,4,ကရင်ြပည်နယ်အဆက်,9။ မဲပလိ ကျးရွာအပ်စ
6,4,ကရင်ြပည်နယ်အဆက်,10။ ကွင်းဒလ( ရပူ)  ကျးရွာအပ်စ
6,4,ကရင်ြပည်နယ်အဆက်,11။ ပဇွန် ြမာင်း ကျးရွာအပ်စ
6,4,ကရင်ြပည်နယ်အဆက်,12။ ဝါ  ကာ်  ကျး ကျးရွာအပ်စ
6,4,ကရင်ြပည်နယ်အဆက်,13။ ဒါမွဲ ကျးရွာအပ်စ
6,4,ကရင်ြပည်နယ်အဆက်,14။ ြမင်းတ ြပး  ကျးရွာအပ်စ
6,4,ကရင်ြပည်နယ်အဆက်,15။ လှဂွန်းပျို ကျးရွာအပ်စ
6,4,ကရင်ြပည်နယ်အဆက်,16။ မ လး ကျာက်  ကျးရွာအပ်စ
6,4,ကရင်ြပည်နယ်အဆက်,17။ ဝင်း မာင်း(သရက်ပင်ဆိပ)် ကျးရွာအပ်စ
6,4,ကရင်ြပည်နယ်အဆက်,18။ မဲချုဝ ကျးရွာအပ်စ
6,4,ကရင်ြပည်နယ်အဆက်,19။ ကွမး် ပင်ဝ ကျးရွာ အပ်စ။
7,7,ကရင်ြပည်နယ်အဆက်,သ တာင် ကီး မို ့နယ် တစ်ခလး။
8,8,ကရင်ြပည်နယ်အဆက်,ြမဝတီ မို ့နယ်တစ်ခလး။
9,9,ကရင်ြပည်နယ်အဆက်,ကာ့ကရိတ် မို ့နယ်အတွင်းရှိ 1။ ချာင်း တာင်ရပ်ကွက(် ကာ့  ကရိတ် မို ့)
9,9,ကရင်ြပည်နယ်အဆက်,2။ ဝင်း ကီးရပ်ကွက(် ကာ့ကရိတ် မို ့)
9,9,ကရင်ြပည်နယ်အဆက်,3။ အလယ်  တန်း ရပ်ကွက် ( ကာ့ကရိတ် မို ့)
9,9,ကရင်ြပည်နယ်အဆက်,4။ အထက် တာင်သူစ  ရပ်ကွက် ( ကာ့ကရိတ် မို ့)
9,9,ကရင်ြပည်နယ်အဆက်,5။  အာက် တာင်သူစ ရပ်ကွက်  ( ကာ့ကရိတ် မို ့)
9,9,ကရင်ြပည်နယ်အဆက်,6။ အ နာက်ပိင်းရပ်ကွက်( ကာ့ကရိတ် မို ့)
9,9,ကရင်ြပည်နယ်အဆက်,7။ တတားဦးရပ်ကက  ွ ်( ကာ့ကရိတ် မို ့)
9,9,ကရင်ြပည်နယ်အဆက်,8။ သရက် တာ ကျးရွာ  အပ်စ
9,9,ကရင်ြပည်နယ်အဆက်,9။ ဝဲလစ် ကျးရွာအပ်စ
9,9,ကရင်ြပည်နယ်အဆက်,10။ အင်းရှည် ကျးရွာ အပ်စ
9,9,ကရင်ြပည်နယ်အဆက်,11။ ခနိမ်း ဖာ် ကျးရွာအပ်စ
9,9,ကရင်ြပည်နယ်အဆက်,12။ နဘူးနှစ်ချား ကျးရွာ အပ်စ
9,9,ကရင်ြပည်နယ်အဆက်,13။ နဘူးတခွန်တိင် ကျးရွာအပ်စ
9,9,ကရင်ြပည်နယ်အဆက်,14။  နာင်တပွဲ  ကျးရွာ  အပ်စ
9,9,ကရင်ြပည်နယ်အဆက်,15။ ထီက လး ကျးရွာအပ်စ
9,9,ကရင်ြပည်နယ်အဆက်,16။ နာင်ကင်  အပ်စ
9,9,ကရင်ြပည်နယ်အဆက်,17။ ထိဖိးဇ ကျးရွာအပ်စ
9,9,ကရင်ြပည်နယ်အဆက်,18။ နာင်ထပ္ပ ကျးရွာ အပ်စ
9,9,ကရင်ြပည်နယ်အဆက်,19။  ြမပတိင် ကျးရွာအပ်စ
9,9,ကရင်ြပည်နယ်အဆက်,20။  ကျုဘိင်း ကျးရွာအပ်စ
9,9,ကရင်ြပည်နယ်အဆက်,21။ ဒါဖျာ ကျးရွာအပ်စ
9,9,ကရင်ြပည်နယ်အဆက်,22။ ရန်ကတ် ကျးရွာအပ်စ
9,9,ကရင်ြပည်နယ်အဆက်,23။ တတကူး  ကျးရွာအပ်စ
9,9,ကရင်ြပည်နယ်အဆက်,24။ ကာ့နွဲ ကျးရွာအပ်စ
9,9,ကရင်ြပည်နယ်အဆက်,25။ ြမာက် ကာအင်း  ကျးရွာအပ်စ
9,9,ကရင်ြပည်နယ်အဆက်,26။  ရ ကျာ် ကီး ကျးရွာအပ်စ
9,9,ကရင်ြပည်နယ်အဆက်,27။  ဟာင်  သ ရာ ကျးရွာအပ်စ
9,9,ကရင်ြပည်နယ်အဆက်,28။ အဖ ကီး ကျးရွာအပ်စ
9,9,ကရင်ြပည်နယ်အဆက်,29။ စက္က ဝက်  ကျးရွာအပ်စ
9,9,ကရင်ြပည်နယ်အဆက်,30။  ဒါက်ပလန် ကျးရွာအပ်စ
9,9,ကရင်ြပည်နယ်အဆက်,31။ ကျုဒိး  ချာင်းဖျား ကျးရွာအပ်စ
9,9,ကရင်ြပည်နယ်အဆက်,32။ အင်း ကီး ကျးရွာအပ်စ။
10,4,အပ်စ။,ကာ့ကရိတ် မို ့နယ်အတွင်းရှိ 1။ အမှတ် (1) ရပ်ကက  မို ့)
10,4,အပ်စ။,2။ အမှတ် (2) ရပ်ကွက်(ကျုဒိး မို ့)
10,4,အပ်စ။,3။ အမှတ် (3)
10,4,အပ်စ။,4။ အမှတ် (4) ရပ်ကွက်(ကျုဒိး မို ့)
10,4,အပ်စ။,5။ ကာ့ဝါလဲ ကျးရွာအပ်စ
10,4,အပ်စ။,6။  ရပူ ကီး ကျးရွာ အပ်စ
10,4,အပ်စ။,7။ ြမာက်ကမ္မရိက် ကျးရွာအပ်စ
10,4,အပ်စ။,8။ တာင်ကမ္မရိက် ကျးရွာ  အပ်စ
10,4,အပ်စ။,9။ သမိနဒ  ွ ် ကျးရွာ အပ်စ
10,4,အပ်စ။,10။ ဝင်းက ကျးရွာ  အပ်စ
10,4,အပ်စ။,11။ ထီဟူးသ  ကျးရွာ အပ်စ
10,4,အပ်စ။,12။  တာင် ကာအင်း  ကျးရွာအပ်စ
10,4,အပ်စ။,13။ လာင်းကိင် ကျးရွာအပ်စ
10,4,အပ်စ။,14။ အ ကာင်  ကျးရွာ အပ်စ
10,4,အပ်စ။,15။ တရိတ ခါင်း ကျးရွာအပ်စ
10,4,အပ်စ။,16။ သြပု  (က မာ့ပိ)  ကျးရွာအပ်စ
10,4,အပ်စ။,17။ အ နာက်ဘက်ကမ်း  ကျးရွာ  အပ်စ
10,4,အပ်စ။,18။ ကမ်းနီ  ကျးရွာ အပ်စ
10,4,အပ်စ။,19။မိကလ  ကျးရွာ  အပ်စ
10,4,အပ်စ။,20။ ကလား ကျာက်ဖျာ ကျးရွာအပ်စ
10,4,အပ်စ။,21။ ကရင်  ကျာက်ဖျာ  ကျးရွာ အပ်စ
10,4,အပ်စ။,22။  ကာ့လ မ်း ကျးရွာ အပ်စ
10,4,အပ်စ။,23။ ဖါးဘတ် ကျးရွာအပ်စ
10,4,အပ်စ။,24။ အီဘိင်း ကျးရွာ အပ်စ
10,4,အပ်စ။,25။ ကညင်ကတိက် ကျးရွာအပ်စ
10,4,အပ်စ။,26။ ခရစ် ကျာက်တန်း  ကျးရွာ အပ်စ
10,4,အပ်စ။,27။ မင်းရွာ ကျးရွာ အပ်စ
10,4,အပ်စ။,28။ ကာ့ ပါက်  ကျးရွာ အပ်စ
10,4,အပ်စ။,29။ ကာ့ဘန  ိ း် ကျးရွာ အပ်စ
10,4,အပ်စ။,30။ ကာ့ဂိး  ကျးရွာ အပ်စ
10,4,အပ်စ။,31။ ပိင်ရပ် ကျးရွာအပ်စ
10,4,အပ်စ။,32။ ခရင်း ကျးရွာ
11,6,် သာင် ကျးရွာ,ကာအင်းဆိပ် ကီး မို ့နယ်အတွင်းရှိ 1။ အမှတ် (1) ရပ်ကွက်  ( ကာအင်းဆိပ် ကီး မို ့)
11,6,် သာင် ကျးရွာ,2။ အမှတ် (2) ရပ်ကွက်( ကာအင်းဆိပ်
11,6,် သာင် ကျးရွာ,3။ အမှတ်(3)ရပ်ကွက(် ကာအင်းဆိပ် ကီး မို ့)
11,6,် သာင် ကျးရွာ,4။ အမှတ်ရပ်ကွက်( ကာအင်းဆိပ် ကီး မို ့)
11,6,် သာင် ကျးရွာ,5။ အမှတ် (5) ရပ်ကွက်
11,6,် သာင် ကျးရွာ,6။ အမှတ်(6)ရပ်ကွက် ( ကာအင်းဆိပ်  ကီး မို ့)
11,6,် သာင် ကျးရွာ,7။ ကာအင်း ရဒိး ကျးရွာအပ်စ
11,6,် သာင် ကျးရွာ,8။ ကျခတ် ချာင်း  ကျးရွာအပ်စ
11,6,် သာင် ကျးရွာ,9။  ရ တာင်ဘိ ကျးရွာအပ်စ
11,6,် သာင် ကျးရွာ,10။ က မာ့  ကျးရွာအပ်စ
11,6,် သာင် ကျးရွာ,11။ သပရာ ကျးရွာအပ်စ
11,6,် သာင် ကျးရွာ,12။ အက လာ  ကျးရွာအပ်စ
11,6,် သာင် ကျးရွာ,13။ ဒါလီ ကျးရွာအပ်စ
11,6,် သာင် ကျးရွာ,14။ နတ် ချာင်း  ကန်းနား ကျးရွာအပ်စ
11,6,် သာင် ကျးရွာ,15။  နတ် ချာင်း  အလယ် ကျးရွာ  အပ်စ
11,6,် သာင် ကျးရွာ,16။  ခွးသိးဆိပ် ကျးရွာအပ်စ
11,6,် သာင် ကျးရွာ,17။ ကစပ် ကျးရွာ  အပ်စ
11,6,် သာင် ကျးရွာ,18။ ဓနိး ကျးရွာအပ်စ
11,6,် သာင် ကျးရွာ,19။ ကွမက  အပ်စ
11,6,် သာင် ကျးရွာ,20။ ဝင်း ရာ်ဆိပ် ကီး ကျးရွာအပ်စ
11,6,် သာင် ကျးရွာ,21။ ခလယ် စာ  ကျးရွာအပ်စ
11,6,် သာင် ကျးရွာ,22။ ခလယ် ကျးရွာအပ်စ
11,6,် သာင် ကျးရွာ,23။ ဆိပ်က လး  ကျးရွာအပ်စ
11,6,် သာင် ကျးရွာ,24။ ရ သ့ ကျးရွာ အပ်စ။
12,3,ချင်းြပည်နယ်,ကာအင်းဆိပ် ကီး မို ့နယ်အတွင်းရှိ 1။ အမှတ် (1) ရပ်ကွက်  (ကျိုက်ဒ မို ့)
12,3,ချင်းြပည်နယ်,2။ အမှတ် (2) ရပ်ကွက်(ကျိုက်ဒ မို ့)
12,3,ချင်းြပည်နယ်,3။ အမှတ် ရပ်ကွက်(ကျိုက်ဒ မို ့)
12,3,ချင်းြပည်နယ်,4။ အမှတ် (4) ရပ်ကွက်(ကျိုက်ဒ
12,3,ချင်းြပည်နယ်,5။ အမှတ် (5) ရပ်ကွက်(ကျိုက်ဒ မို ့)
12,3,ချင်းြပည်နယ်,6။ အမှတ် (6)  ရပ်ကွက်(ကျိုက်ဒ မို ့)
12,3,ချင်းြပည်နယ်,7။အမှတ(် 1)ရပ်ကွက် (ဘရားသးဆူ
12,3,ချင်းြပည်နယ်,8။ အမှတ် (2) ရပ်ကွက် (ဘရားသးဆူ မို ့)
12,3,ချင်းြပည်နယ်,9။ အမှတ် ရပ်ကွက်(ဘရားသးဆူ မို ့)
12,3,ချင်းြပည်နယ်,10။ အမှတ် (4) ရပ်ကွက်  (ဘရားသးဆူ မို ့) 11။ မိတန် ကျးရွာအပ်စ
12,3,ချင်းြပည်နယ်,12။ အစွန်း ကျးရွာ  အပ်စ
12,3,ချင်းြပည်နယ်,13။ ကာ့ဆိင် ကျးရွာအပ်စ
12,3,ချင်းြပည်နယ်,14။ ကွငး် က လး ကျးရွာ  အပ်စ
12,3,ချင်းြပည်နယ်,15။  မာ်ခဲခီး ကျးရွာအပ်စ
12,3,ချင်းြပည်နယ်,16။ သာကထ  ကျးရွာ  အပ်စ
12,3,ချင်းြပည်နယ်,17။ ထီဝါကလူး ကျးရွာအပ်စ
12,3,ချင်းြပည်နယ်,18။ မိနအ ကျးရွာ  အပ်စ
12,3,ချင်းြပည်နယ်,19။ အဇင်း ကျးရွာအပ်စ
12,3,ချင်းြပည်နယ်,20။ ခွက  21။ လယ် တာ ကီး ကျးရွာအပ်စ
12,3,ချင်းြပည်နယ်,22။ က မာ့သ(ဲ ဝင်းလ) ကျးရွာ  အပ်စ
12,3,ချင်းြပည်နယ်,23။  တာင်ဝိင်း ကျးရွာအပ်စ
12,3,ချင်းြပည်နယ်,24။ နာင်တခိ ကျးရွာ  အပ်စ
12,3,ချင်းြပည်နယ်,25။ တာင်က လး ကျးရွာအပ်စ
12,3,ချင်းြပည်နယ်,26။ ဖါကွီး  ကျးရွာ  အပ်စ
12,3,ချင်းြပည်နယ်,27။ ပိင်ကလာဒ ကျးရွာအပ်စ
12,3,ချင်းြပည်နယ်,28။ ခဒ ကျးရွာ အပ်စ
12,3,ချင်းြပည်နယ်,29။ လန်းဖါး ကျးရွာအပ်စ
12,3,ချင်းြပည်နယ်,30။ သဃန်းပင်ဆိပ် ကျးရွာ  အပ်စ
12,3,ချင်းြပည်နယ်,31။ ခွါ ဟး ကျးရွာအပ်စ
12,3,ချင်းြပည်နယ်,32။  ြပာင်မထိမ် ကျးရွာ  အပ်စ
12,3,ချင်းြပည်နယ်,33။ ထိဆ ကျးရွာအပ်စ
12,3,ချင်းြပည်နယ်,34။ က န်း ချာင်း ကျးရွာ  အပ်စ
12,3,ချင်းြပည်နယ်,35။ အနန်းကွင်း ကျးရွာအပ်စ
12,3,ချင်းြပည်နယ်,36။  ကျာက်ဘီလူး  ကျးရွာအပ်စ
12,3,ချင်းြပည်နယ်,37။ ဖါးြပ ကျးရွာအပ်စ
12,3,ချင်းြပည်နယ်,38။ ကိးမား ကျးရွာ  အပ်စ
12,3,ချင်းြပည်နယ်,39။ လတ်ရှမ်း ကျးရွာအပ်စ
12,3,ချင်းြပည်နယ်,40။ ကျုခဝန်  ကျးရွာ  အပ်စ
12,3,ချင်းြပည်နယ်,41။ ဝင်းခန ကျးရွာအပ်စ
12,3,ချင်းြပည်နယ်,42။ တခွနတ  ိ  ကျးရွာ  အပ်စ
12,3,ချင်းြပည်နယ်,43။ တာင်ဒီး ကျးရွာအပ်စ။
1,1,ီ ် လာန်း ကျးရွာ,ဟားခါး မို ့နယ်အတွင်းရှိ 1။ စျး ဟာင်းရပ်ကွက် (ဟားခါး မို )
1,1,ီ ် လာန်း ကျးရွာ,့  2။ ြပည် တာ်သာရပ်ကွက် (ဟားခါး မို ့)
1,1,ီ ် လာန်း ကျးရွာ,3။ မို ့သစ်ရပ်ကွက်  (ဟားခါး မို ့)
1,1,ီ ် လာန်း ကျးရွာ,4။ မို ့ ဟာင်းရပ်ကွက(် ဟားခါး မို ့)
1,1,ီ ် လာန်း ကျးရွာ,5။ ခွာဘဲ  ကျးရွာအပ်စ
1,1,ီ ် လာန်း ကျးရွာ,6။ ခ န်ကျုး ကျးရွာအပ်စ
1,1,ီ ် လာန်း ကျးရွာ,7။ ဇိးခွား ကျးရွာ  အပ်စ
1,1,ီ ် လာန်း ကျးရွာ,8။ ဒါအိချိမ်း ကျးရွာအပ်စ
1,1,ီ ် လာန်း ကျးရွာ,9။ နှရ  အပ်စ
1,1,ီ ် လာန်း ကျးရွာ,10။ ဖါ ရွနး် ကျးရွာအပ်စ
1,1,ီ ် လာန်း ကျးရွာ,11။ ဗန်ဟား ကျးရွာအပ်စ
1,1,ီ ် လာန်း ကျးရွာ,12။ ဘွာလ်တပ် ကျးရွာအပ်စ
1,1,ီ ် လာန်း ကျးရွာ,13။ မာလ် ဆာမ် ကျးရွာအပ်စ
1,1,ီ ် လာန်း ကျးရွာ,14။ ရင်ပးီ ကျးရွာအပ်စ
1,1,ီ ် လာန်း ကျးရွာ,15။ ရွာန်း ကျးရွာအပ်စ
1,1,ီ ် လာန်း ကျးရွာ,16။ သီနမ်း  ကျးရွာ အပ်စ
1,1,ီ ် လာန်း ကျးရွာ,17။ သီဖူလ်း ကျးရွာအပ်စ
1,1,ီ ် လာန်း ကျးရွာ,18။ ဟရန်ဟရိန်း  ကျးရွာအပ်စ
1,1,ီ ် လာန်း ကျးရွာ,19။ ဟိင်ဖိင် ကျးရွာအပ်စ။
2,2,ကျးရွာအပ်စ။,ဟားခါး မို ့နယ်အတွငး် ရှိ 1။  2။ စျးသစ်ရပ်ကက  ွ ်(ဟားခါး မို ့)
2,2,ကျးရွာအပ်စ။,3။ ကျန်ဗား ကျးရွာအပ်စ
2,2,ကျးရွာအပ်စ။,4။ ခွာပီး ကျးရွာအပ်စ
2,2,ကျးရွာအပ်စ။,5။ ဆတ္တ ား ကျးရွာအပ်စ
2,2,ကျးရွာအပ်စ။,6။ ဆွမဆ  ကျးရွာအပ်စ
2,2,ကျးရွာအပ်စ။,7။ ဆူရခ  ် ာွ း ကျးရွာအပ်စ
2,2,ကျးရွာအပ်စ။,8။  ဒါင်ဗား ကျးရွာ  အပ်စ
2,2,ကျးရွာအပ်စ။,9။ ဒွမဗ  ် ား ကျးရွာအပ်စ
2,2,ကျးရွာအပ်စ။,10။ ဖိင်ဖာ(က) ကျးရွာအပ်စ
2,2,ကျးရွာအပ်စ။,11။ ဘသွ ကျးရွာအပ်စ
2,2,ကျးရွာအပ်စ။,12။ ဘွန်လး ကျးရွာအပ်စ
2,2,ကျးရွာအပ်စ။,13။ လပီး  ကျးရွာအပ်စ
2,2,ကျးရွာအပ်စ။,14။  လာက်လး ကျးရွာအပ်စ
2,2,ကျးရွာအပ်စ။,15။ လခင်း  ကျးရွာအပ်စ
2,2,ကျးရွာအပ်စ။,16။ လရန်း ကျးရွာအပ်စ
2,2,ကျးရွာအပ်စ။,17။ လသာရ်
3,3,ကျးရွာအပ်စ။,ထန်တလန် မို ့နယ်တစ်ခလး။
4,4,ချင်းြပည်နယ်,ဖလမ်း မို ့နယ်တစ်ခလး။
5,5,ွ း် ကျးရွာအပ်စ၊,တီးတိန် မို ့နယ်အတွင်းရှိ 1။ စ ကာလမ်းရပ်ကွက် (တီးတိန်  မို ့)
5,5,ွ း် ကျးရွာအပ်စ၊,2။ မို ့မရပ်ကွက်(တီးတိန် မို ့)
5,5,ွ း် ကျးရွာအပ်စ၊,3။ ကဂင် ကျးရွာအပ်စ
5,5,ွ း် ကျးရွာအပ်စ၊,4။ ကျိန်းပီးကွတ်  ကျးရွာအပ်စ
5,5,ွ း် ကျးရွာအပ်စ၊,5။  ကွးလမ်း  ကျးရွာ  အပ်စ
5,5,ွ း် ကျးရွာအပ်စ၊,6။ ဂမ်ငိင် ကျးရွာအပ်စ
5,5,ွ း် ကျးရွာအပ်စ၊,7။ ဂမ်လိင် ကျးရွာအပ်စ
5,5,ွ း် ကျးရွာအပ်စ၊,8။  ဆွာင်းဆန် ကျးရွာအပ်စ
5,5,ွ း် ကျးရွာအပ်စ၊,9။  ဇိမ်ပီး ကျးရွာအပ်စ
5,5,ွ း် ကျးရွာအပ်စ၊,10။ တက်လွီး ကျးရွာအပ်စ
5,5,ွ း် ကျးရွာအပ်စ၊,11။ တန်းဇန် ကျးရွာအပ်စ
5,5,ွ း် ကျးရွာအပ်စ၊,12။ တွာလ်မူး  ကျးရွာအပ်စ
5,5,ွ း် ကျးရွာအပ်စ၊,13။ တွီးထန် ကျးရွာအပ်စ
5,5,ွ း် ကျးရွာအပ်စ၊,14။ တွီး တာ့ ကျးရွာအပ်စ
5,5,ွ း် ကျးရွာအပ်စ၊,15။ တွီးဒိလ်း ကျးရွာအပ်စ
5,5,ွ း် ကျးရွာအပ်စ၊,16။  တွီးပီး ကျးရွာအပ်စ
5,5,ွ း် ကျးရွာအပ်စ၊,17။  ထန်းဇန် ကျးရွာအပ်စ
5,5,ွ း် ကျးရွာအပ်စ၊,18။ ထာလ်မွလ် ကျးရွာ အပ်စ 19။ ဒမ်ပီး ကျးရွာအပ်စ
5,5,ွ း် ကျးရွာအပ်စ၊,20။ ဖိင်ယား ကျးရွာ အပ်စ
5,5,ွ း် ကျးရွာအပ်စ၊,21။ ဗာလ်ဂမ  22။  ဘွန်လီ ကျးရွာ  အပ်စ
5,5,ွ း် ကျးရွာအပ်စ၊,23။  ဘမ်ဇန် ကျးရွာအပ်စ
5,5,ွ း် ကျးရွာအပ်စ၊,24။ ဘတ်ဖီရ် ကျးရွာ အပ်စ
5,5,ွ း် ကျးရွာအပ်စ၊,25။ မွီ ဇာလ် ကျးရွာအပ်စ
5,5,ွ း် ကျးရွာအပ်စ၊,26။  မွာလ်လမ်း  ကျးရွာအပ်စ
5,5,ွ း် ကျးရွာအပ်စ၊,27။ လိင်လိး ကျးရွာအပ်စ
5,5,ွ း် ကျးရွာအပ်စ၊,28။ လိင်တွီး  ကျးရွာအပ်စ
5,5,ွ း် ကျးရွာအပ်စ၊,29။ လိင်လွီး ကျးရွာအပ်စ
5,5,ွ း် ကျးရွာအပ်စ၊,30။  ဝါင်မွာလ်  ကျးရွာအပ်စ
5,5,ွ း် ကျးရွာအပ်စ၊,31။  ဟာက် ပီး ကျးရွာ  အပ်စ
5,5,ွ း် ကျးရွာအပ်စ၊,32။ အန်းလန ့် ကျးရွာအပ်စ။
6,6,ချင်းြပည်နယ်,တီးတိန် မို ့နယ်အတွင်းရှိ 1။ လွယ်ဘွားလ်ရပ်ကွက် (တီးတိန်  မို ့)
6,6,ချင်းြပည်နယ်,2။  လးလမ်း ရပ်ကွက် (တီးတိန် မို ့)
6,6,ချင်းြပည်နယ်,3။ ကပ်တလ  ကျးရွာအပ်စ
6,6,ချင်းြပည်နယ်,4။ ခိန်းဇန် ကျးရွာအပ်စ
6,6,ချင်းြပည်နယ်,5။ ခ ဆပ် ကျးရွာ  အပ်စ
6,6,ချင်းြပည်နယ်,6။ ငါလ်ဇန် ကျးရွာအပ်စ
6,6,ချင်းြပည်နယ်,7။ ဆဲဇန် ကျးရွာအပ်စ
6,6,ချင်းြပည်နယ်,8။ ဆိင်းဇန် ကျးရွာအပ်စ
6,6,ချင်းြပည်နယ်,9။  ဆွာင်းပီး ကျးရွာအပ်စ
6,6,ချင်းြပည်နယ်,10။  ဆွာင်း ဖ ကျးရွာအပ်စ
6,6,ချင်းြပည်နယ်,11။  ထးဇန် ကျးရွာအပ်စ
6,6,ချင်းြပည်နယ်,12။ ထတ်လင်  ိ ကျးရွာအပ်စ
6,6,ချင်းြပည်နယ်,13။ ဒိမ်ပီး ကျးရွာအပ်စ
6,6,ချင်းြပည်နယ်,14။ ဒ  လွင် ကျးရွာအပ်စ
6,6,ချင်းြပည်နယ်,15။ ပတ်ဇန် ကျးရွာအပ်စ
6,6,ချင်းြပည်နယ်,16။ ပင်းပီး  ကျးရွာအပ်စ
6,6,ချင်းြပည်နယ်,17။ ပန် ့ဆပ် ကျးရွာအပ်စ
6,6,ချင်းြပည်နယ်,18။ ဖူးနွမ်း ကျးရွာ  အပ်စ
6,6,ချင်းြပည်နယ်,19။ ဗန်းတဲ့ ကျးရွာအပ်စ
6,6,ချင်းြပည်နယ်,20။ ဘွင် ကျးရွာအပ်စ
6,6,ချင်းြပည်နယ်,21။  ဘွင်မ  ကျးရွာအပ်စ
6,6,ချင်းြပည်နယ်,22။  မွာလ်ဘဲ ကျးရွာအပ်စ
6,6,ချင်းြပည်နယ်,23။  လမ်းဇန် ကျးရွာအပ်စ
6,6,ချင်းြပည်နယ်,24။  လိမ်ခိင် ကျးရွာအပ်စ
6,6,ချင်းြပည်နယ်,25။ လိင်ဘန် ကျးရွာအပ်စ
6,6,ချင်းြပည်နယ်,26။  ဟ လး  ကျးရွာအပ်စ
6,6,ချင်းြပည်နယ်,27။ ဆွာင်းဇန် ကျးရွာအပ်စ။
7,7,ချင်းြပည်နယ်,တွန်းဇ မို ့နယ်တစ်ခလး။
8,8,ချင်းြပည်နယ်,မင်းတပ် မို ့နယ်တစ်ခလး။
9,9,ချင်းြပည်နယ်,ကန်ပက်လက် မို ့နယ်တစ်ခလး။
10,10,ချင်းြပည်နယ်,မတူပီ မို ့နယ်တစ်ခလး။
11,11,ိ  ကျးရွာ,ပလက်ဝ မို ့နယ်အတွငး် ရှိ  2။  တမန်းသား ကျးရွာအပ်စ
11,11,ိ  ကျးရွာ,3။  ရပ်ဝ ကျးရွာအပ်စ
11,11,ိ  ကျးရွာ,4။ တွီကင်းဝ  ကျးရွာအပ်စ
11,11,ိ  ကျးရွာ,5။  ဘာင်ပီး  ကျးရွာအပ်စ
11,11,ိ  ကျးရွာ,6။ ပိနတ  ္နဲ ပင် ကျးရွာအပ်စ
11,11,ိ  ကျးရွာ,7။ ငရှား ကျးရွာအပ်စ
11,11,ိ  ကျးရွာ,8။ ငဒက်  ကျးရွာ အပ်စ
11,11,ိ  ကျးရွာ,9။ ကျီး လ ကျးရွာအပ်စ
11,11,ိ  ကျးရွာ,10။  က သာင်  ကျးရွာအပ်စ
11,11,ိ  ကျးရွာ,11။ ကွမး် ချာင်းဝ ကျးရွာအပ်စ
11,11,ိ  ကျးရွာ,12။ ြပင်ငူ  ကျးရွာအပ်စ
11,11,ိ  ကျးရွာ,13။ တွီဆီးဝ ကျးရွာအပ်စ
11,11,ိ  ကျးရွာ,14။ ြမာင်း ချာင်း  ကျးရွာအပ်စ
11,11,ိ  ကျးရွာ,15။ ငတိန်း ကျးရွာအပ်စ
11,11,ိ  ကျးရွာ,16။ ဒလက် မ  ကျးရွာအပ်စ
11,11,ိ  ကျးရွာ,17။  အာက်ဘလိင် ကျးရွာအပ်စ
11,11,ိ  ကျးရွာ,18။ တတ်  ကးဝ ကျးရွာအပ်စ
11,11,ိ  ကျးရွာ,19။ ကန်း တာ် ကျးရွာအပ်စ
11,11,ိ  ကျးရွာ,20။ တရွန်  အိင် ကျးရွာအပ်စ
11,11,ိ  ကျးရွာ,21။ ဇဉ် ဘာင်းြပင် ကျးရွာအပ်စ
11,11,ိ  ကျးရွာ,22။ ရှင်  မဒိန်ဝ ကျးရွာအပ်စ
11,11,ိ  ကျးရွာ,23။  သာယာကန်း ကျးရွာအပ်စ
11,11,ိ  ကျးရွာ,24။ ယင်ခဝ ကျးရွာအပ်စ
11,11,ိ  ကျးရွာ,25။ မီးဇာ ကျးရွာအပ်စ
11,11,ိ  ကျးရွာ,26။ စက်  ပစ်ြပင် ကျးရွာ အပ်စ
11,11,ိ  ကျးရွာ,27။  အထက် သဲမဝ  ကျးရွာ အပ်စ
11,11,ိ  ကျးရွာ,28။ အထက်ဘလိင် ကျးရွာအပ်စ
11,11,ိ  ကျးရွာ,29။ ကွမ်း တာင် ကျးရွာ  အပ်စ
11,11,ိ  ကျးရွာ,30။ ဆတ်ချိုင် ကျးရွာအပ်စ
11,11,ိ  ကျးရွာ,31။ ရှင်းလက်ဝ ကျးရွာ  အပ်စ
11,11,ိ  ကျးရွာ,32။ ရလိက်ဝ ကျးရွာအပ်စ
11,11,ိ  ကျးရွာ,33။ ဆင်အးဝ  အပ်စ
11,11,ိ  ကျးရွာ,34။ ရှာအိ ကျးရွာအပ်စ
11,11,ိ  ကျးရွာ,35။ ပါရာ ကျးရွာအပ်စ
11,11,ိ  ကျးရွာ,36။ ပတိန်တလန် ကျးရွာအပ်စ
11,11,ိ  ကျးရွာ,37။ ဝါးရ ကျးရွာအပ်စ
11,11,ိ  ကျးရွာ,38။ မအူ ကျးရွာအပ်စ
11,11,ိ  ကျးရွာ,39။ မိတဝ  ် ကျးရွာအပ်စ
11,11,ိ  ကျးရွာ,40။ ပကာဝ  ကျးရွာအပ်စ
11,11,ိ  ကျးရွာ,41။  မာ်တလာ ကျးရွာအပ်စ
11,11,ိ  ကျးရွာ,42။  ရလိင်ပီွ  ကျးရွာအပ်စ
11,11,ိ  ကျးရွာ,43။ အန်းသီးဝ ကျးရွာအပ်စ
11,11,ိ  ကျးရွာ,44။ ဒူရီ တာင်  ကျးရွာအပ်စ
11,11,ိ  ကျးရွာ,45။ ကန်ြပင် ကျးရွာအပ်စ။
12,4,စစ်ကိင်းတိင်း ဒသ ကီး,ပလက်ဝ မို ့နယ်အတွငး် ရှိ 1။ ရွာမရပ်ကွက် (ပလက်ဝ မို ့)
12,4,စစ်ကိင်းတိင်း ဒသ ကီး,2။  ရိက္ခာရပ်ကွက(် ပလက်ဝ မို ့)
12,4,စစ်ကိင်းတိင်း ဒသ ကီး,3။  အမှတ်(1)ရပ်ကွက်
12,4,စစ်ကိင်းတိင်း ဒသ ကီး,4။ အမှတ်(2) ရပ်ကွက်(ဆမီး မို ့)
12,4,စစ်ကိင်းတိင်း ဒသ ကီး,5။ အမှတ(် 3)  ွ ်(ဆမီး မို)
12,4,စစ်ကိင်းတိင်း ဒသ ကီး,့ 6။ ကင်ဝ ကျးရွာအပ်စ
12,4,စစ်ကိင်းတိင်း ဒသ ကီး,7။ မွန် ထာင့် ကျးရွာ  အပ်စ
12,4,စစ်ကိင်းတိင်း ဒသ ကီး,8။ စိမ့်စင်းဝ ကျးရွာအပ်စ
12,4,စစ်ကိင်းတိင်း ဒသ ကီး,9။ လယ်လှ ကျးရွာအပ်စ
12,4,စစ်ကိင်းတိင်း ဒသ ကီး,10။ အာက် သဲမဝ ကျးရွာအပ်စ
12,4,စစ်ကိင်းတိင်း ဒသ ကီး,11။ နှမဒါ ကျးရွာအပ်စ
12,4,စစ်ကိင်းတိင်း ဒသ ကီး,12။ အ ဘာင်သား ကျးရွာအပ်စ
12,4,စစ်ကိင်းတိင်း ဒသ ကီး,13။ ကနလ့် ာဝ ကျးရွာအပ်စ
12,4,စစ်ကိင်းတိင်း ဒသ ကီး,14။ ခဝဲ ကျးရွာအပ်စ
12,4,စစ်ကိင်းတိင်း ဒသ ကီး,15။ ရပ် ချာင်းဝ  ကျးရွာ အပ်စ
12,4,စစ်ကိင်းတိင်း ဒသ ကီး,16။ ဘဲဒ ကျးရွာအပ်စ
12,4,စစ်ကိင်းတိင်း ဒသ ကီး,17။ ဖတ် ချာင်းဝ ကျးရွာအပ်စ
12,4,စစ်ကိင်းတိင်း ဒသ ကီး,18။ ယီးလာဝ  ကျးရွာအပ်စ
12,4,စစ်ကိင်းတိင်း ဒသ ကီး,19။ ပါ မာင်  ကျးရွာအပ်စ
12,4,စစ်ကိင်းတိင်း ဒသ ကီး,20။ ကက်မအိင် ကျးရွာအပ်စ
12,4,စစ်ကိင်းတိင်း ဒသ ကီး,21။ လိပ် ချာင်း ဝ ကျးရွာ  အပ်စ
12,4,စစ်ကိင်းတိင်း ဒသ ကီး,22။ တင်းဘန်း ကျးရွာအပ်စ
12,4,စစ်ကိင်းတိင်း ဒသ ကီး,23။ ဝါတိန် ကျးရွာ အပ်စ
12,4,စစ်ကိင်းတိင်း ဒသ ကီး,24။ ဝက်မ ကျးရွာအပ်စ
12,4,စစ်ကိင်းတိင်း ဒသ ကီး,25။ ဆားဝ ကျးရွာအပ်စ
12,4,စစ်ကိင်းတိင်း ဒသ ကီး,26။ ဘာင်  ကန်း ကျးရွာအပ်စ
12,4,စစ်ကိင်းတိင်း ဒသ ကီး,27။ က နာင် ကျးရွာအပ်စ
12,4,စစ်ကိင်းတိင်း ဒသ ကီး,28။ ပျဉ်ဝ  ကျးရွာအပ်စ
12,4,စစ်ကိင်းတိင်း ဒသ ကီး,29။ စင်ကီ တာင် ကျးရွာအပ်စ
12,4,စစ်ကိင်းတိင်း ဒသ ကီး,30။ ကယက်  ကျးရွာအပ်စ
12,4,စစ်ကိင်းတိင်း ဒသ ကီး,31။ အာကီကန်း ကျးရွာအပ်စ
12,4,စစ်ကိင်းတိင်း ဒသ ကီး,32။ ဒီ လာင်  ကန်း ကျးရွာအပ်စ
12,4,စစ်ကိင်းတိင်း ဒသ ကီး,33။ တိင်ဝ ကျးရွာအပ်စ
12,4,စစ်ကိင်းတိင်း ဒသ ကီး,34။ မီး ချာင်း  ဘားဝ ကျးရွာ အပ်စ
12,4,စစ်ကိင်းတိင်း ဒသ ကီး,35။ တွီ ဆာ့ကန်း  ကျးရွာအပ်စ
12,4,စစ်ကိင်းတိင်း ဒသ ကီး,36။ ဝါဒိင်ကန်း ကျးရွာအပ်စ
12,4,စစ်ကိင်းတိင်း ဒသ ကီး,37။ လာင် ယာ်ကန်း ကျးရွာ  အပ်စ
12,4,စစ်ကိင်းတိင်း ဒသ ကီး,38။ စင်လီ ကျးရွာအပ်စ
12,4,စစ်ကိင်းတိင်း ဒသ ကီး,39။  သ ထာင် ကျးရွာ  အပ်စ
12,4,စစ်ကိင်းတိင်း ဒသ ကီး,40။ ကိ ဖ ရှ ကျးရွာအပ်စ
12,4,စစ်ကိင်းတိင်း ဒသ ကီး,41။ အလယ်ဒန  ကျးရွာအပ်စ
12,4,စစ်ကိင်းတိင်း ဒသ ကီး,42။ ခိက်ခါ ကျးရွာအပ်စ
12,4,စစ်ကိင်းတိင်း ဒသ ကီး,43။ အပ်စ ကျးရွာ  အပ်စ
12,4,စစ်ကိင်းတိင်း ဒသ ကီး,44။ ထိန်း ခါင်း ကျးရွာအပ်စ
12,4,စစ်ကိင်းတိင်း ဒသ ကီး,45။ ချိုင်းစနူး ကျးရွာ  အပ်စ
12,4,စစ်ကိင်းတိင်း ဒသ ကီး,46။ မတနူး ကျးရွာအပ်စ
12,4,စစ်ကိင်းတိင်း ဒသ ကီး,47။ ထိးနူး ကျးရွာအပ်စ
12,4,စစ်ကိင်းတိင်း ဒသ ကီး,48။ ဂါ ရာြပင်  ကျးရွာအပ်စ
12,4,စစ်ကိင်းတိင်း ဒသ ကီး,49။ ခန်တိ  ကျးရွာအပ်စ
12,4,စစ်ကိင်းတိင်း ဒသ ကီး,50။ လန်ဒန် ကျးရွာအပ်စ
12,4,စစ်ကိင်းတိင်း ဒသ ကီး,51။ ခွး ခါင်း ကျးရွာအပ်စ
12,4,စစ်ကိင်းတိင်း ဒသ ကီး,52။ ခါအိမ် ကျးရွာအပ်စ
12,4,စစ်ကိင်းတိင်း ဒသ ကီး,53။ တပ် ချာင်း ကျးရွာအပ်စ
12,4,စစ်ကိင်းတိင်း ဒသ ကီး,54။ ဝန် ချာင်းဝ ကျးရွာအပ်စ
12,4,စစ်ကိင်းတိင်း ဒသ ကီး,55။ မာက် ချာင်းဝ ကျးရွာ
1,1,စစ်ကိင်းတိင်း ဒသ ကီး,စစ်ကိင်းခရိင်တစ်ခလး။
2,2,စစ်ကိင်းတိင်း ဒသ ကီး,ရဘိခရိင်တစ်ခလး။
3,3,စစ်ကိင်းတိင်း ဒသ ကီး,ကနဘ့် လူခရိင်တစ်ခလး။
4,4,စစ်ကိင်းတိင်း ဒသ ကီး,မရွာခရိင်တစ်ခလး။
5,5,စစ်ကိင်းတိင်း ဒသ ကီး,ယင်းမာပင်ခရိင်တစ်ခလး။
6,6,စစ်ကိင်းတိင်း ဒသ ကီး,ကသာခရိင်အတွင်းရှိ  အင်း တာ် မို ့နယ်။
7,7,စစ်ကိင်းတိင်း ဒသ ကီး,ကသာခရိင်အတွင်းရှိ ဗန်း မာက် မို ့နယ်
7,7,စစ်ကိင်းတိင်း ဒသ ကီး,ဝန်းသိ မို ့နယ်နှင့် ပင်လည်ဘူး မို ့နယ်။
8,8,စစ်ကိင်းတိင်း ဒသ ကီး,က လးခရိင်တစ်ခလး။
9,9,အဆက်,တမူးခရိင်တစ်ခလး။
10,10,အဆက်,မာ်လိက်ခရိင်တစ်ခလး။
11,11,အဆက်,ခန္တီးခရိင်အတွင်းရှိ ခန္တးီ မို ့နယ် နှင့် ဟမ္မလင်း မို ့နယ်။
12,12,တနသာရီတိင်း ဒသ ကီး,နာဂကိယ်ပိင်အပ်ချုပ်ခွငရ  ( လရှီး မို ့နယ်
12,12,တနသာရီတိင်း ဒသ ကီး,လဟယ် မို ့နယ် နှင့် နန်းယွန်း မို ့နယ်)
1,1,တနသာရီတိင်း ဒသ ကီး,ထားဝယ် မို ့နယ် တစ်ခလး။
2,2,တနသာရီတိင်း ဒသ ကီး,လာင်းလး မို ့နယ် တစ်ခလး။
3,3,တနသာရီတိင်း ဒသ ကီး,သရက် ချာင်း မို ့နယ် တစ်ခလး။
4,4,တနသာရီတိင်း ဒသ ကီး,ရြဖူ မို ့နယ် တစ်ခလး။
5,5,တနသာရီတိင်း ဒသ ကီး,မိတ် မို ့နယ်အတွင်းရှိ 1။ စျးတန်းရပ်ကွက် ( မိတ် မို ့)
5,5,တနသာရီတိင်း ဒသ ကီး,2။ကန်  ခါင်းရပ်ကွက် ( မိတ် မို ့)
5,5,တနသာရီတိင်း ဒသ ကီး,3။ ြမစ်ငယ်ရပ်ကွက် ( မိတ် မို ့)
5,5,တနသာရီတိင်း ဒသ ကီး,4။ ရပန်းရပ်ကွက် ( မိတ် မို ့)
5,5,တနသာရီတိင်း ဒသ ကီး,5။ ကန်ဖျားရပ်ကွက် ( မိတ် မို ့)
5,5,တနသာရီတိင်း ဒသ ကီး,6။အလယ်က န်းရပ်ကွက် ( မိတ် မို ့)
5,5,တနသာရီတိင်း ဒသ ကီး,7။ ကလွင် ကျးရွာ အပ်စ
5,5,တနသာရီတိင်း ဒသ ကီး,8။ စန္ဒဝတ် ကျးရွာ အပ်စ
5,5,တနသာရီတိင်း ဒသ ကီး,9။ အလယ် ချာင်း ကျးရွာ အပ်စ
5,5,တနသာရီတိင်း ဒသ ကီး,10။  ပင်းအိ ကျးရွာအပ်စ
5,5,တနသာရီတိင်း ဒသ ကီး,11။  သဘွတ် ကျးရွာအပ်စ
5,5,တနသာရီတိင်း ဒသ ကီး,12။  သမတ် ကျးရွာအပ်စ
5,5,တနသာရီတိင်း ဒသ ကီး,13။  သစ်ယာဝ ကျးရွာအပ်စ
5,5,တနသာရီတိင်း ဒသ ကီး,14။  ပဆွပ် ကျးရွာအပ်စ
5,5,တနသာရီတိင်း ဒသ ကီး,15။  ပြပင် ကျးရွာအပ်စ
5,5,တနသာရီတိင်း ဒသ ကီး,16။ ကျာက်ဖျာ ကျးရွာအပ်စ။
6,6,အဆက်,မိတ် မို ့နယ်အတွင်းရှိ 1။  2။ တလိင်းစရပ်ကွက် ( မိတ် မို ့)
6,6,အဆက်,3။ ဆိပ်ငယ်ရပ်ကွက် ( မိတ်  မို ့)
6,6,အဆက်,4။ ထားဝယ်စရပ်ကွက် ( မိတ် မို ့)
6,6,အဆက်,5။ က ကီးရပ်ကွက်  ( မိတ် မို ့)
6,6,အဆက်,6။ မိတ် တာင်ရပ်ကွက် ( မိတ် မို ့)
6,6,အဆက်,7။ မိတ် တာင်  ကျးရွာ အပ်စ
6,6,အဆက်,8။ အဂ မာ်  ကျးရွာ အပ်စ
6,6,အဆက်,9။ ြပင်းငယ်  ကျးရွာ အပ်စ
6,6,အဆက်,10။ ကဟန်း  ကျးရွာ အပ်စ
6,6,အဆက်,11။ စလွနး်  ကျးရွာ အပ်စ
6,6,အဆက်,12။ မင်းသန်း ကျးရွာ အပ်စ
6,6,အဆက်,13။ ပ သာင်း  ကျးရွာ အပ်စ
6,6,အဆက်,14။ မ ဇာ  ကျးရွာ အပ်စ
6,6,အဆက်,15။ တး ဗျာ  ကျးရွာ အပ်စ
6,6,အဆက်,16။ တာင်းရှည် ကျးရွာ အပ်စ
6,6,အဆက်,17။တညက်  (ကလား) ကျးရွာအပ်စ
6,6,အဆက်,18။ တညက်(ကရင်) ကျးရွာ အပ်စ။
7,4,အဆက်,က န်းစ မို ့နယ်အတွင်းရှိ 1။ အမှတ် (1) ရပ်ကွက် (က န်းစ မို ့)
7,4,အဆက်,2။ အမှတ် (2) ရပ်ကွက် (က န်းစ မို ့)
7,4,အဆက်,3။ အမှတ် (3) ရပ်ကွက်
7,4,အဆက်,4။ အမှတ် (4) ရပ်ကွက် (က န်းစ မို ့)
7,4,အဆက်,5။ ကတ္တ  လူ  ကျးရွာ အပ်စ
7,4,အဆက်,6။ ကပ  ကျးရွာ အပ်စ
7,4,အဆက်,7။  ရြမစ် ကီး  ကျးရွာ အပ်စ
7,4,အဆက်,8။ ကမ်း ကီး ကျးရွာ အပ်စ
7,4,အဆက်,9။ ဝါရစ် ကျးရွာ  အပ်စ
7,4,အဆက်,10။ မင်းဂတ် ကျးရွာ အပ်စ
7,4,အဆက်,11။ မာင်း လှာ် ကျးရွာ  အပ်စ
7,4,အဆက်,12။ ဇးကမိ ကျးရွာ အပ်စ
7,4,အဆက်,13။ ညာင်ဘီး ကျးရွာ  အပ်စ
7,4,အဆက်,14။ က ခ  ဲ ရ  ကျးရွာ အပ်စ
7,4,အဆက်,15။ သန္တုတ်  ကျးရွာ  အပ်စ
7,4,အဆက်,16။ တာြပား ကျးရွာ အပ်စ။
8,8,ကျးရွာ အပ်စ။,က န်းစ မို ့နယ်အတွင်းရှိ 1။ က မာ် ကျးရွာ အပ်စ
8,8,ကျးရွာ အပ်စ။,2။ စခန်း  သစ်  ကျးရွာ အပ်စ
8,8,ကျးရွာ အပ်စ။,3။  ရကန် တာင်  ကျးရွာ အပ်စ
8,8,ကျးရွာ အပ်စ။,4။ ကဘင်  ကျးရွာ အပ်စ
8,8,ကျးရွာ အပ်စ။,5။  ကာ်ဇယာ  ကျးရွာ အပ်စ
8,8,ကျးရွာ အပ်စ။,6။ မဲ တာ ကျးရွာ အပ်စ
8,8,ကျးရွာ အပ်စ။,7။ ဘန္ဒနဲ ကျးရွာ အပ်စ
8,8,ကျးရွာ အပ်စ။,8။ မအိင်
9,9,အဆက်,ပ လာ မို ့နယ် တစ်ခလး။
10,10,အဆက်,တနသာရီ မို ့နယ် တစ်ခလး။
11,11,အဆက်,ကာ့ သာင်း မို ့နယ် တစ်ခလး။
12,12,ပဲခူးတိင်း ဒသ ကီး,ဘတ်ြပင်း မို ့နယ် တစ်ခလး။
1,1,ပဲခူးတိင်း ဒသ ကီး,ပဲခူး မို ့နယ်တစ်ခလး။
2,2,ပဲခူးတိင်း ဒသ ကီး,သနပ်ပင် မို ့နယ် နှင့် ကဝ မို ့နယ်။
3,3,ပဲခူးတိင်း ဒသ ကီး,ဝါ မို ့နယ်
3,3,ပဲခူးတိင်း ဒသ ကီး,ဒိက်ဦး မို ့နယ် နှင့် ရကျင် မို ့နယ်။
4,4,ပဲခူးတိင်း ဒသ ကီး,ညာင် လးပင် မို ့နယ် နှင့် ကျာက်တခါး မို ့နယ်။
5,5,ပဲခူးတိင်း ဒသ ကီး,တာင်ငူ မို ့နယ် နှင့် ရတာရှည် မို ့နယ်။
6,6,ပဲခူးတိင်း ဒသ ကီး,အတ်တွင်း မို ့နယ် နှင့် ထန်းတပင် မို ့နယ်။
7,7,ပဲခူးတိင်း ဒသ ကီး,ကျာက် ကီး မို ့နယ် နှင့် ြဖူး မို ့နယ်။
8,8,ပဲခူးတိင်း ဒသ ကီး,ြပည် မို ့နယ်
8,8,ပဲခူးတိင်း ဒသ ကီး,ပါက် ခါင်း မို ့နယ် နှင့် ပန်း တာင်း မို ့နယ်။
9,9,အဆက်,ပါင်းတည် မို ့နယ်
9,9,အဆက်,သဲကန်း မို ့နယ် နှင့် ရ တာင် မို ့နယ်။
10,10,အဆက်,သာယာဝတီ မို ့နယ် နှင့် လက်ပတန်း မို ့နယ်။
11,11,အဆက်,မင်းလှ မို ့နယ်
11,11,အဆက်,အတ်ဖိ မို ့နယ် နှင့် မိးညို မို ့နယ်။
12,12,မ ကွးတိင်း ဒသ ကီး,ဇီးကန်း မို ့နယ်
12,12,မ ကွးတိင်း ဒသ ကီး,မို ့နယ်။
1,1,မ ကွးတိင်း ဒသ ကီး,မ ကွး မို ့နယ်တစ်ခလး။
2,2,ှ ့် ချာက် မို ့နယ် ။,ရန ချာင်း မို ့နယ်နင
3,3,ှ ့် ချာက် မို ့နယ် ။,နတ် မာက် မို ့နယ် နှင့် မို ့သစ် မို ့နယ်။
4,4,ှ ့် ချာက် မို ့နယ် ။,တာင်တွင်း ကီး မို ့နယ် တစ်ခလး။
5,5,ှ ့် ချာက် မို ့နယ် ။,မင်းဘူး မို ့နယ် နှင့် ပွငြ့် ဖူ မို ့နယ်။
6,6,ှ ့် ချာက် မို ့နယ် ။,စလင်း မို ့နယ်
6,6,ှ ့် ချာက် မို ့နယ် ။,စတတ္တ ရာ မို ့နယ် နှင့် ငဖဲ မို ့နယ်။
7,7,ှ ့် ချာက် မို ့နယ် ။,သရက် မို ့နယ်
7,7,ှ ့် ချာက် မို ့နယ် ။,ကမ မို ့နယ်
7,7,ှ ့် ချာက် မို ့နယ် ။,မင်းတန်း မို ့နယ် နှင့်  မို ့နယ်။
8,8,ှ ့် ချာက် မို ့နယ် ။,အာင်လ မို ့နယ် နှင့် ဆင် ပါင်ဝဲ မို ့နယ်။
9,9,အဆက်,ပခက္က ူ မို ့နယ် နှင့် ဆိပြ် ဖူ မို ့နယ်။
10,10,အဆက်,ရစ ကို မို ့နယ် တစ်ခလး။
11,11,အဆက်,မိုင် မို ့နယ် နှင့် ပါက် မို ့နယ်။
12,12,မန္တ လးတိင်း ဒသ ကီး,ဂန ့် ဂါခရိင်တစ်ခလး။
1,1,မန္တ လးတိင်း ဒသ ကီး,အာင် ြမသာစ မို ့နယ်
1,1,မန္တ လးတိင်း ဒသ ကီး,ချမ်း အးသာစ မို ့နယ် နှင့် ပသိမ် ကီး  မို ့နယ်။
2,2,မန္တ လးတိင်း ဒသ ကီး,ချမ်းြမသာစည် မို ့နယ်
2,2,မန္တ လးတိင်း ဒသ ကီး,ြပည် ကီးတခွန် မို ့နယ်
2,2,မန္တ လးတိင်း ဒသ ကီး,မဟာ အာင် ြမ  မို ့နယ် နှင့် အမရပူရ မို ့နယ်။
3,3,မန္တ လးတိင်း ဒသ ကီး,ြပင်ဦးလွင်ခရိင်တစ်ခလး။
4,4,မန္တ လးတိင်း ဒသ ကီး,ကျာက်ဆည်ခရိင်တစ်ခလး။
5,5,မန္တ လးတိင်း ဒသ ကီး,ြမင်းြခ မို ့နယ် နှင့် ငါန်းဇွန် မို ့နယ်။
6,6,မန္တ လးတိင်း ဒသ ကီး,နွားထိး ကီး မို ့နယ် နှင့် တာင်သာ မို ့နယ်။
7,7,မန္တ လးတိင်း ဒသ ကီး,ညာင်ဦးခရိင်တစ်ခလး။
8,8,မန္တ လးတိင်း ဒသ ကီး,ရမည်းသင်းခရိင်တစ်ခလး။
9,9,အဆက်,ဥတ္တ ရ( ြမာက်ပိင်း)ခရိင်တစ်ခလး။
10,10,အဆက်,ဒက္ခိဏ( တာင်ပိင်း)ခရိင်တစ်ခလး။
11,11,အဆက်,မိတ္ထီလာ မို ့နယ် နှင့် မလင် မို ့နယ်။
12,12,မွန်ြပည်နယ်,သာစည် မို ့နယ် နှင့် ဝမ်းတွင်း မို ့နယ်။
1,1,မွန်ြပည်နယ်,မာ်လ မိုင် မို ့နယ်  ( မာ်လ မိုင် မို ့)
1,1,မွန်ြပည်နယ်,2။ မရမ်းကန်း ရပ်ကွက် ( မာ်လ မိုင် မို ့)
1,1,မွန်ြပည်နယ်,3။ စစ်ကဲကန်း ရပ်ကွက် ( မာ်လ မိုင် မို ့)
1,1,မွန်ြပည်နယ်,4။  ရ တာင်  ရပ်ကွက်( မာ်လ မိုင် မို ့)
1,1,မွန်ြပည်နယ်,5။ ဖက်တန်းရပ်ကွက် ( မာ်လ မိုင်  မို ့)
1,1,မွန်ြပည်နယ်,6။ မန္တ လး ရပ်ကွက် ( မာ်လ မိုင် မို ့)
1,1,မွန်ြပည်နယ်,7။ အာက်ကျင်း  ရပ်ကွက် ( မာ်လ မိုင် မို ့)
1,1,မွန်ြပည်နယ်,8။ ကျိုက်ဖနဲရပ်ကွက် ( မာ်လ မိုင်  မို ့)
1,1,မွန်ြပည်နယ်,9။ လင်ရှမ်းစရပ်ကွက်( မာ်လ မိုင် မို ့)
1,1,မွန်ြပည်နယ်,10။ သာယာ အး  ရပ်ကွက်  ( မာ်လ မိုင် မို ့)
1,1,မွန်ြပည်နယ်,11။  ဇယျာသီရိ  ရပ်ကွက်  ( မာ်လ မိုင် မို ့)
1,1,မွန်ြပည်နယ်,12။  ရ မိုင်သီရီ ရပ်ကွက် ( မာ်လ မိုင် မို ့)
1,1,မွန်ြပည်နယ်,13။ ဘိကန်း ရပ်ကွက် ( မာ်လ မိုင် မို ့)
1,1,မွန်ြပည်နယ်,14။ ကာ့စိန် ကျးရွာ  အပ်စ
1,1,မွန်ြပည်နယ်,15။ ကာ့ ပါက် ကျးရွာ အပ်စ
1,1,မွန်ြပည်နယ်,16။ ကာ့တွန် ကျးရွာ  အပ်စ
1,1,မွန်ြပည်နယ်,17။  ကာ့လှာ ကျးရွာ အပ်စ
1,1,မွန်ြပည်နယ်,18။ ကတိး ကျးရွာ  အပ်စ
1,1,မွန်ြပည်နယ်,19။ ကာ့နှပ် ကျးရွာ အပ်စ။
2,2,မွန်ြပည်နယ်,မာ်လ မိုင် မို ့နယ်အတွင်းရှိ 1။  မို ့)
2,2,မွန်ြပည်နယ်,2။ ကွင်းရပ်ရပ်ကွက် ( မာ်လ မိုင် မို ့)
2,2,မွန်ြပည်နယ်,3။ သီရိ မိုင်ရပ်ကက  ( မာ်လ မိုင် မို ့)
2,2,မွန်ြပည်နယ်,4။ သီရိမဂလာရပ်ကွက် ( မာ်လ မိုင် မို ့)  5။  မပွန်ရပ်ကွက် ( မာ်လ မိုင် မို ့)
2,2,မွန်ြပည်နယ်,6။  စျး ကိုရပ်ကွက်  ( မာ်လ မိုင် မို ့)
2,2,မွန်ြပည်နယ်,7။ မိုင်သာယာ ရပ်ကွက် ( မာ်လ မိုင် မို ့)
2,2,မွန်ြပည်နယ်,8။  ြမနီကန်း ရပ်ကွက် ( မာ်လ မိုင် မို ့)
2,2,မွန်ြပည်နယ်,9။  ဇယျာ မိုင်  ရပ်ကွက်( မာ်လ မိုင် မို ့)
2,2,မွန်ြပည်နယ်,10။ ငန်း တးရပ်ကွက် ( မာ်လ မိုင်  မို ့)
2,2,မွန်ြပည်နယ်,11။  ြခာက်မိင်က ဲြခကန်းရပ်ကွက်  ( မာ်လ မိုင် မို ့)
2,2,မွန်ြပည်နယ်,12။  ကျာက်တန်းရပ်ကွက(် မာ်လ မိုင် မို)
2,2,မွန်ြပည်နယ်,့ 13။ စမ်း ကီးရပ်ကက  ( မာ်လ မိုင် မို ့)
2,2,မွန်ြပည်နယ်,14။  ဂွးကန်းရပ်ကွက် ( မာ်လ မိုင် မို ့)
2,2,မွန်ြပည်နယ်,15။  နာင်ခရီရပ်ကွက်( မာ်လ မိုင် မို ့)
2,2,မွန်ြပည်နယ်,16။ မင်းရွာ ကျးရွာ  အပ်စ
2,2,မွန်ြပည်နယ်,17။ မ ရာင်း ကျးရွာအပ်စ
2,2,မွန်ြပည်နယ်,18။ ကာ့ခနိ ကျးရွာအပ်စ
2,2,မွန်ြပည်နယ်,19။ ကာအင်း  ကျးရွာအပ်စ
2,2,မွန်ြပည်နယ်,20။ ကာ့ခမယ် ကျးရွာအပ်စ
2,2,မွန်ြပည်နယ်,21။ ဖား အာက် ကျးရွာ အပ်စ
2,2,မွန်ြပည်နယ်,22။ ရိးဂိး ကျးရွာ အပ်စ။
3,3,မွန်ြပည်နယ်,ကျိုက်မ ရာ မို ့နယ်တစ်ခလး။
4,4,မွန်ြပည်နယ်,ချာင်းဆ မို ့နယ်တစ်ခလး။
5,5,မွန်ြပည်နယ်,သြဖူဇရပ် မို ့နယ်တစ်ခလး။
6,6,မွန်ြပည်နယ်,မဒ မို ့နယ်တစ်ခလး။
7,6,မွန်ြပည်နယ်,ရး မို ့နယ်အတွင်းရှိ 1။ သီရိနန္ဒာရပ်ကွက်( ရး မို ့)
7,6,မွန်ြပည်နယ်,2။ သီရိ  မာလာရပ်ကွက(် ရး မို ့)
7,6,မွန်ြပည်နယ်,3။ သီရိ ဇယျာရပ်ကွက် ( ရး မို ့)
7,6,မွန်ြပည်နယ်,5။ အမှတ်(1) ရပ်ကွက်
7,6,မွန်ြပည်နယ်,6။ အမှတ်(2)ရပ်ကွက်(လမိင်း မို ့)
7,6,မွန်ြပည်နယ်,7။ အမှတ်(3)  ရပ်ကွက်  (လမိင်း မို ့)
7,6,မွန်ြပည်နယ်,8။  အာယ တာင် ကျးရွာ  အပ်စ
7,6,မွန်ြပည်နယ်,9။ သဃန်းက န်း ကျးရွာအပ်စ
7,6,မွန်ြပည်နယ်,10။ မာ့ကနင် ကျးရွာအပ်စ
7,6,မွန်ြပည်နယ်,11။  ကာ့ဒွတ် ကျးရွာ အပ်စ
7,6,မွန်ြပည်နယ်,12။ ကလားကတ်  ကျးရွာ  အပ်စ
7,6,မွန်ြပည်နယ်,13။ နှစ်ကရင် ကျးရွာအပ်စ
7,6,မွန်ြပည်နယ်,14။ သာင်ြပင် ကျးရွာ  အပ်စ
7,6,မွန်ြပည်နယ်,15။  တာင်ဘ ကျးရွာအပ်စ
7,6,မွန်ြပည်နယ်,16။  ဘးလမိင်း  ကျးရွာအပ်စ
7,6,မွန်ြပည်နယ်,17။ ဘဲလမ ကျးရွာအပ်စ
7,6,မွန်ြပည်နယ်,18။ ကနင်က မာ့  ကျးရွာ အပ်စ
7,6,မွန်ြပည်နယ်,19။ ဒဖီ ကျးရွာ အပ်စ
7,6,မွန်ြပည်နယ်,20။ နှင်းစ  ကျးရွာ  အပ်စ
7,6,မွန်ြပည်နယ်,21။ တူး ြမာင်း ကျးရွာအပ်စ
7,6,မွန်ြပည်နယ်,22။ အဒင် ကျးရွာအပ်စ။
8,7,မွန်ြပည်နယ်,ရး မို ့နယ်အတွင်းရှိ 1။ ရန် ကီး အာင် ရပ်ကွက် ( ရး မို ့)
8,7,မွန်ြပည်နယ်,2။ ရန်မျိုး အာင်ရပ်ကွက် ( ရး မို ့)
8,7,မွန်ြပည်နယ်,3။  အာင်သခရပ်ကွက်  ( ရး မို ့)
8,7,မွန်ြပည်နယ်,4။  အာင်မဂလာရပ်ကွက(် ရး မို ့)
8,7,မွန်ြပည်နယ်,5။  အာင်
8,7,မွန်ြပည်နယ်,6။ အမှတ်(1) ရပ်ကွက် ( ခါဇာ မို)
8,7,မွန်ြပည်နယ်,ရပ်ကွက် ( ခါဇာ မို ့)
8,7,မွန်ြပည်နယ်,8။ အ ဘာ် ကျးရွာ အပ်စ
8,7,မွန်ြပည်နယ်,9။  ဒူးယား ကျးရွာ  အပ်စ
8,7,မွန်ြပည်နယ်,10။  အစင် ကျးရွာ  အပ်စ
8,7,မွန်ြပည်နယ်,11။ ဇီးြဖူ သာင် ကျးရွာ အပ်စ
8,7,မွန်ြပည်နယ်,12။  ချာင်း တာင် ကျးရွာ  အပ်စ
8,7,မွန်ြပည်နယ်,13။ ကျာက်မိ ကျာင်း ကျးရွာအပ်စ
8,7,မွန်ြပည်နယ်,14။ ကျာင်းရွာ  ကျးရွာ အပ်စ
8,7,မွန်ြပည်နယ်,15။ က လာ့ ကျးရွာ အပ်စ
8,7,မွန်ြပည်နယ်,16။ ဟဂ  ကျးရွာ အပ်စ
8,7,မွန်ြပည်နယ်,17။ ရင်းရယ် ကျးရွာ အပ်စ
8,7,မွန်ြပည်နယ်,18။ ကဗျာ  ကျးရွာ အပ်စ
8,7,မွန်ြပည်နယ်,19။ ကျုညဲ ကျးရွာ အပ်စ
8,7,မွန်ြပည်နယ်,20။ မကျီး ကျးရွာ  အပ်စ
8,7,မွန်ြပည်နယ်,21။ ကာ့လင် ကျးရွာအပ်စ
8,7,မွန်ြပည်နယ်,22။ ကိးမိင် ကျးရွာ အပ်စ။
9,9,မွန်ြပည်နယ်,သထ မို ့နယ်တစ်ခလး။
10,10,မွန်ြပည်နယ်,ပါင် မို ့နယ်တစ်ခလး။
11,11,မွန်ြပည်နယ်,ကျိုက်ထိ မို ့နယ်တစ်ခလး။
12,12,ရခိင်ြပည်နယ်,ဘီးလင်း မို ့နယ်တစ်ခလး။
1,1,ရခိင်ြပည်နယ်,စစ် တွ မို ့နယ်တစ်ခလး။
2,2,ရခိင်ြပည်နယ်,ပါက် တာ မို ့နယ်တစ်ခလး။
3,3,ရခိင်ြပည်နယ်,ရ သ့ တာင် နှင့် ပ
4,4,ရခိင်ြပည်နယ်,ြမာက်ဦး မို ့နယ်တစ်ခလး။
5,5,ရခိင်ြပည်နယ်,ကျာက် တာ် မို ့နယ်တစ်ခလး။
6,6,ရခိင်ြပည်နယ်,မင်းြပား မို ့နယ်နှင့် ြမပ မို ့နယ်။
7,5,ရခိင်ြပည်နယ်,မာင် တာ မို ့နယ်အတွင်းရှိ 1။ အမှတ်(1)ရပ်ကွက် ( တာင် ပို  လက်ဝဲ မို ့)
7,5,ရခိင်ြပည်နယ်,2။ အမှတ်(2) ရပ်ကွက် ( တာင် ပို လက်ဝဲ မို ့)
7,5,ရခိင်ြပည်နယ်,ရပ်ကွက်( တာင် ပိုလက်ဝဲ မို ့)
7,5,ရခိင်ြပည်နယ်,4။ အမှတ်(4)
7,5,ရခိင်ြပည်နယ်,့  5။  အမှတ်(5)  ရပ်ကက  ( တာင် ပိုလက်ဝဲ မို )
7,5,ရခိင်ြပည်နယ်,့ 6။ အင်တူလာ ကျးရွာအပ်စ
7,5,ရခိင်ြပည်နယ်,7။ တပ်  ချာင်း  ကျးရွာအပ်စ
7,5,ရခိင်ြပည်နယ်,8။  ကာလာ ဒးဖက် ကျးရွာအပ်စ
7,5,ရခိင်ြပည်နယ်,9။ ရဲ အာင်စရ ဖွ ကျးရွာအပ်စ
7,5,ရခိင်ြပည်နယ်,10။  ကာင်န ဖ  ကျးရွာ  အပ်စ
7,5,ရခိင်ြပည်နယ်,11။ အာင်ဇ ကျးရွာအပ်စ
7,5,ရခိင်ြပည်နယ်,12။ လင်သီ ကျးရွာအပ်စ
7,5,ရခိင်ြပည်နယ်,13။ ခ မာင်းဆိပ် ကျးရွာအပ်စ
7,5,ရခိင်ြပည်နယ်,14။ ငါးရန ့် ချာင်း ကျးရွာ  အပ်စ
7,5,ရခိင်ြပည်နယ်,15။ သစ်တး နားခွဆ ကျးရွာအပ်စ
7,5,ရခိင်ြပည်နယ်,16။ နန်းရာကိင်း  ကျးရွာအပ်စ
7,5,ရခိင်ြပည်နယ်,17။ တမန်းသား ကျးရွာအပ်စ
7,5,ရခိင်ြပည်နယ်,18။ သက်ကိင်  ညာ  ကျးရွာ အပ်စ
7,5,ရခိင်ြပည်နယ်,19။  ရ နာက်ငါးသား  ကျးရွာအပ်စ
7,5,ရခိင်ြပည်နယ်,20။  ြမာ ချာင်း ကျးရွာအပ်စ
7,5,ရခိင်ြပည်နယ်,21။ မိုမိ ချာင်း  ကျးရွာ  အပ်စ
7,5,ရခိင်ြပည်နယ်,22။  စကားပင်ရင်း ကျးရွာအပ်စ
7,5,ရခိင်ြပည်နယ်,23။  မင်း ကီး  (တူလာတူလ)ီ  ကျးရွာအပ်စ
7,5,ရခိင်ြပည်နယ်,24။ နတ် ချာင်း ကျးရွာအပ်စ
7,5,ရခိင်ြပည်နယ်,25။ ကိမ် ချာင်း ကျးရွာအပ်စ
7,5,ရခိင်ြပည်နယ်,26။ ပဒကားရွာသစ် ကျးရွာ  အပ်စ
7,5,ရခိင်ြပည်နယ်,27။ ဝက်ကျိန်း ကျးရွာအပ်စ
7,5,ရခိင်ြပည်နယ်,28။ ဒးပိက် ( အာင်  ဆိပြ် ပင်)  ကျးရွာအပ်စ
7,5,ရခိင်ြပည်နယ်,29။  စပယ်ကး  ကျးရွာအပ်စ
7,5,ရခိင်ြပည်နယ်,30။ လာင်းဒ ကျးရွာအပ်စ
7,5,ရခိင်ြပည်နယ်,31။ ငါးစာ ကူး ကျးရွာအပ်စ
7,5,ရခိင်ြပည်နယ်,32။ ကက်ရိးြပင် ကျးရွာအပ်စ
7,5,ရခိင်ြပည်နယ်,33။ ဒိးတန်း  ကျးရွာအပ်စ
7,5,ရခိင်ြပည်နယ်,34။  အထက်ြပူးမ ကျးရွာအပ်စ
7,5,ရခိင်ြပည်နယ်,35။  ြပူးမကညင်တန်း  ကျးရွာအပ်စ
7,5,ရခိင်ြပည်နယ်,36။ ကပ္ပ ကာင်း ကျးရွာအပ်စ
7,5,ရခိင်ြပည်နယ်,37။ မို ့သစ်  ကျးရွာအပ်စ
7,5,ရခိင်ြပည်နယ်,38။ ရမျက် တာင် ကျးရွာအပ်စ
7,5,ရခိင်ြပည်နယ်,39။ ငါးခူရ  ကျးရွာအပ်စ
7,5,ရခိင်ြပည်နယ်,40။ ြခြပင် ကျးရွာ အပ်စ
7,5,ရခိင်ြပည်နယ်,41။ ရတွင်းက န်း  ကျးရွာအပ်စ
7,5,ရခိင်ြပည်နယ်,42။ ရွက်ညို တာင် ကျးရွာအပ်စ
7,5,ရခိင်ြပည်နယ်,43။ ဦးရှည်  ကျ ကျးရွာအပ်စ
7,5,ရခိင်ြပည်နယ်,44။  ပွင့်ြဖူ ချာင်း  ကျးရွာအပ်စ
7,5,ရခိင်ြပည်နယ်,45။ ကျား ခါင်း တာင် ကျးရွာအပ်စ
7,5,ရခိင်ြပည်နယ်,46။ ရခပ် ချာင်းခွဆ  ကျးရွာအပ်စ
7,5,ရခိင်ြပည်နယ်,47။ ဒါး ကီးဇား ကျးရွာအပ်စ
7,5,ရခိင်ြပည်နယ်,48။ ငန်း ချာင်း  ကျးရွာအပ်စ
7,5,ရခိင်ြပည်နယ်,49။ ြမာ တာင် ကျးရွာအပ်စ
7,5,ရခိင်ြပည်နယ်,50။ ဖားဝတ်  ချာင်း (ရွာသစ်)  ကျးရွာအပ်စ
7,5,ရခိင်ြပည်နယ်,51။ သရက်အပ်  ကျးရွာ  အပ်စ
7,5,ရခိင်ြပည်နယ်,52။ မာင်နှမ ကျးရွာအပ်စ
7,5,ရခိင်ြပည်နယ်,53။ ကျာက်ြပင်ဆိပ်  ကျးရွာအပ်စ
7,5,ရခိင်ြပည်နယ်,54။ သူဦးလာ ကျးရွာအပ်စ
7,5,ရခိင်ြပည်နယ်,55။ ကျီးကန်းြပင်  ကျးရွာအပ်စ
7,5,ရခိင်ြပည်နယ်,56။ လှပးိ ခါင် ကျးရွာအပ်စ
7,5,ရခိင်ြပည်နယ်,57။  ကျာက်  လှကား ကျးရွာအပ်စ
7,5,ရခိင်ြပည်နယ်,58။ သက် က ြပင် ကျးရွာအပ်စ
7,5,ရခိင်ြပည်နယ်,59။ မီးတိက် ကျးရွာအပ်စ
7,5,ရခိင်ြပည်နယ်,60။  တာင် ပိုလက်ျာ  ကျးရွာ  အပ်စ
7,5,ရခိင်ြပည်နယ်,61။ ကွမ်းသီးပင်  ကျးရွာအပ်စ
7,5,ရခိင်ြပည်နယ်,62။ သဲ ချာင်း  ကျးရွာအပ်စ
7,5,ရခိင်ြပည်နယ်,63။လိပ်ရ ကျးရွာ အပ်စ
7,5,ရခိင်ြပည်နယ်,64။ ကျာက် ချာင်း  ကျးရွာအပ်စ
7,5,ရခိင်ြပည်နယ်,65။ ဇီးပင် ချာင်း ကျးရွာအပ်စ
7,5,ရခိင်ြပည်နယ်,66။ ကန်း ပါက်  ြပုစ ကျးရွာ အပ်စ
7,5,ရခိင်ြပည်နယ်,67။ က န် ပါက် ဆင်အိး ကျးရွာအပ်စ
7,5,ရခိင်ြပည်နယ်,68။ ရတွင်းြပင် ကျးရွာ အပ်စ။
8,8,ကျးရွာအပ်စ။,မာင် တာ မို ့နယ်အတွင်းရှိ 1။ မို ့မအ နာက်ရပ်ကွက် ( မာင်  တာ မို ့)
8,8,ကျးရွာအပ်စ။,2။ မို ့မ တာင်ရပ်ကွက် ( မာင် တာ မို ့)
8,8,ကျးရွာအပ်စ။,3။ မို ့မ  ြမာက်ရပ်ကွက(် မာင် တာ မို ့)
8,8,ကျးရွာအပ်စ။,4။ မို ့မအ ရှ ရပ်  တာ မို ့)
8,8,ကျးရွာအပ်စ။,5။ ရွာသစ် ကရပ်ကွက် ( မာင် တာ မို ့)
8,8,ကျးရွာအပ်စ။,6။ 4-မိင်  ရပ်ကွက် ( မာင် တာ မို ့)
8,8,ကျးရွာအပ်စ။,7။ ရဇားကပ္ပ ကာင်း ကျးရွာ  အပ်စ
8,8,ကျးရွာအပ်စ။,8။  နွားရ တာင် ကျးရွာအပ်စ
8,8,ကျးရွာအပ်စ။,9။  ကညင် တာ  ကျးရွာ အပ်စ
8,8,ကျးရွာအပ်စ။,10။ ပါင်းဇား ကျးရွာအပ်စ
8,8,ကျးရွာအပ်စ။,11။သီဟဠ်  ကျးရွာ အပ်စ
8,8,ကျးရွာအပ်စ။,12။ မို ့ဦး ကျးရွာအပ်စ
8,8,ကျးရွာအပ်စ။,13။ ကညင်တန်း  ကျးရွာအပ်စ
8,8,ကျးရွာအပ်စ။,14။ မို ့သူ ကီး ကျးရွာအပ်စ
8,8,ကျးရွာအပ်စ။,15။  ညာင်  ချာင်း  ကျးရွာအပ်စ
8,8,ကျးရွာအပ်စ။,16။ ပန်း တာြပင်  ကျးရွာအပ်စ
8,8,ကျးရွာအပ်စ။,17။ ကျာင်း တာင် ကျးရွာအပ်စ
8,8,ကျးရွာအပ်စ။,18။ ပဒင်း ကျးရွာအပ်စ
8,8,ကျးရွာအပ်စ။,19။ (ဒ)  ညာင်ပင် ကီး  ကျးရွာအပ်စ
8,8,ကျးရွာအပ်စ။,20။ (ဒ)ချီးရားတန်း  ကျးရွာ အပ်စ
8,8,ကျးရွာအပ်စ။,21။ ရွာသစ် က ( ဂ ဒူသာရ) ကျးရွာအပ်စ
8,8,ကျးရွာအပ်စ။,22။  (ပ) ညာင်ပင် ကီး  ကျးရွာအပ်စ
8,8,ကျးရွာအပ်စ။,23။  ဦး ဒါင်း  ကျးရွာအပ်စ
8,8,ကျးရွာအပ်စ။,24။ ကဖူး ကျးရွာအပ်စ
8,8,ကျးရွာအပ်စ။,25။ အလယ်သ ကျာ်  ကျးရွာအပ်စ
8,8,ကျးရွာအပ်စ။,26။ သဒါ ကျးရွာအပ်စ
8,8,ကျးရွာအပ်စ။,27။ ဝါးချ ကျးရွာ  အပ်စ
8,8,ကျးရွာအပ်စ။,28။ တပ်ဦး ချာင်း  ကျးရွာ အပ်စ
8,8,ကျးရွာအပ်စ။,29။  ဇာ်မတက်  ကျးရွာအပ်စ
8,8,ကျးရွာအပ်စ။,30။ ကညင်တန်း  ကျးရွာအပ်စ
8,8,ကျးရွာအပ်စ။,31။ သ ရ  ကန်တန်း ကျးရွာ အပ်စ
8,8,ကျးရွာအပ်စ။,32။ ချိန်ခါလီ ကျးရွာအပ်စ
8,8,ကျးရွာအပ်စ။,33။ သ ြပ တာ ကျးရွာ အပ်စ
8,8,ကျးရွာအပ်စ။,34။ြမင်းလတ် ကျးရွာအပ်စ
8,8,ကျးရွာအပ်စ။,35။  ကျာက်ပန္ဒူ ကျးရွာအပ်စ
8,8,ကျးရွာအပ်စ။,36။ သ ဘာကွဲ  ကျးရွာ  အပ်စ
8,8,ကျးရွာအပ်စ။,37။  အင်းဒင် ကျးရွာအပ်စ
8,8,ကျးရွာအပ်စ။,38။  သဝင် ချာင်း  ကျးရွာအပ်စ
8,8,ကျးရွာအပ်စ။,39။  အာင် ဇယျ ( ငိမး် ချမ်း ရး)  ကျးရွာ  အပ်စ
8,8,ကျးရွာအပ်စ။,40။ ဇင်ပိင်ညာ ကျးရွာအပ်စ
8,8,ကျးရွာအပ်စ။,41။ မဂလာ ကီး(ြပင်ြဖူ)
9,9,ကျးရွာအပ်စ။,ဘူးသီး တာင် မို ့နယ်တစ်ခလး။
10,10,ကျးရွာအပ်စ။,ကျာက်ြဖူ မို ့နယ် နှင့် မာန် အာင် မို ့နယ်။
11,11,ကျးရွာအပ်စ။,ရမ်း ဗဲ မို ့နယ် နှင့် အမ်း မို ့နယ်။
12,12,ရန်ကန်တိင်း ဒသ ကီး,သတွဲခရိင်တစ်ခလး။
1,1,ိ း) မို ့နယ်၊ ဒဂ မို ့သစ်(အ ရှ ပိ့ င်း) မို ့နယ်,ဒဂ မို ့သစ်( ြမာက်ပင်  နှင့် ြမာက်ဥက္က လာပ မို ့နယ်။
2,2,ိ း) မို ့နယ်၊ ဒဂ မို ့သစ်(အ ရှ ပိ့ င်း) မို ့နယ်,ိ း) မို ့နယ်  ဒဂ မို ့သစ်( တာင်ပင်  နှင့်  ဒဂ မို ့သစ်  (ဆိပ်ကမ်း)  မို ့နယ်။
3,3,ိ း) မို ့နယ်၊ ဒဂ မို ့သစ်(အ ရှ ပိ့ င်း) မို ့နယ်,တာင်ဥက္က လာပ မို ့နယ်
3,3,ိ း) မို ့နယ်၊ ဒဂ မို ့သစ်(အ ရှ ပိ့ င်း) မို ့နယ်,ရန်ကင်း မို ့နယ်
3,3,ိ း) မို ့နယ်၊ ဒဂ မို ့သစ်(အ ရှ ပိ့ င်း) မို ့နယ်,တာ မွ မို ့နယ် နှင့်  သဃန်းက န်း မို ့နယ်။
4,4,ှ ့် ဗိလ်တ ထာင် မို ့နယ်။,မဂလာ တာင်ညွန မိ  ့် ု ့နယ်
4,4,ှ ့် ဗိလ်တ ထာင် မို ့နယ်။,သာ ကတ မို ့နယ်
4,4,ှ ့် ဗိလ်တ ထာင် မို ့နယ်။,ဒါပ မို ့နယ်
4,4,ှ ့် ဗိလ်တ ထာင် မို ့နယ်။,ပဇွန် တာင် မို ့နယ်နင
5,5,ှ ့် ဗိလ်တ ထာင် မို ့နယ်။,မရမ်းကန်း မို ့နယ်
5,5,ှ ့် ဗိလ်တ ထာင် မို ့နယ်။,မို ့နယ်
5,5,ှ ့် ဗိလ်တ ထာင် မို ့နယ်။,ပန်းဘဲတန်း မို ့နယ် နှင့် ကျာက်တတား မို ့နယ်။
6,6,ဆိပ်ကမ်း မို ့နယ်။,ကမာရွတ် မို ့နယ်
6,6,ဆိပ်ကမ်း မို ့နယ်။,လသာ မို ့နယ်
6,6,ဆိပ်ကမ်း မို ့နယ်။,လမ်းမ တာ် မို ့နယ်
6,6,ဆိပ်ကမ်း မို ့နယ်။,အလ မို ့နယ်  နှင့်
7,7,ဆိပ်ကမ်း မို ့နယ်။,သန်လျင် မို ့နယ်
7,7,ဆိပ်ကမ်း မို ့နယ်။,သးခွ မို ့နယ်။
8,8,အဆက်,တွ တး မို ့နယ်
8,8,အဆက်,ဒလ မို ့နယ်
8,8,အဆက်,ခ နာင်တိ မို ့နယ်
8,8,အဆက်,ကွမး် ြခကန်း မို ့နယ် နှင့် ကိကိးက န်း မို ့နယ်။
9,9,အဆက်,ထန်းတပင် မို ့နယ်
9,9,အဆက်,ရြပည်သာ မို ့နယ် နှင့် မှာ်ဘီ မို ့နယ်။
10,10,အဆက်,အင်းစိန် မို ့နယ် နှင့် မဂလာဒ မို ့နယ်။
11,11,အဆက်,လင်သာယာ မို ့နယ်။
12,12,ရှမ်းြပည်နယ်,တိက် ကီး မို ့နယ် နှင့် လှည်းကူး မို ့နယ်။
1,1,ှ ့် ဖယ်ခ မို ့နယ်။,တာင် ကီးခရိင်အတွင်းရှိ တာင် ကီး မို ့နယ်
1,1,ှ ့် ဖယ်ခ မို ့နယ်။,ရပ် စာက် မို ့နယ်
1,1,ှ ့် ဖယ်ခ မို ့နယ်။,က လာ မို ့နယ်နင
2,2,ှ ့် ဖယ်ခ မို ့နယ်။,လွိုင်လင်ခရိင် နှင့် လင်း ခးခရိင်။
3,3,ှ ့် ဖယ်ခ မို ့နယ်။,လားရးခရိင်တစ်ခလး။
4,4,ှ ့် ဖယ်ခ မို ့နယ်။,ကျာက်မဲခရိင်အတွင်းရှိ  နမ္မတူ မို ့နယ်
4,4,ှ ့် ဖယ်ခ မို ့နယ်။,နာင်ချို မို ့နယ် နှင့် မိးမိတ်ခရိင် တစ်ခလး။
5,5,ှ ့် ဖယ်ခ မို ့နယ်။,မူဆယ်ခရိင်တစ်ခလး။
6,6,ှ ့် ဖယ်ခ မို ့နယ်။,ကျိုင်းတခရိင်တစ်ခလး။
7,7,ှ ့် ဖယ်ခ မို ့နယ်။,တာချီလိတ်ခရိင် နှင့် မိင်းဆတ်ခရိင်။
8,8,ှ ့် ဖယ်ခ မို ့နယ်။,ဓနကိယ်ပိင်အပ်ချုပ်ခွင့်ရ ဒသ။  (ရွာင မို ့နယ် နှင့် ပင်းတယ မို ့နယ်)
9,9,ရှမ်းြပည်နယ်,ပအိဝ်းကိယ်ပိင်အပ်ချုပ်ခွင့်ရ ဒသ။  (ဟိပး မို ့နယ်
9,9,ရှမ်းြပည်နယ်,ဆီဆင်
10,10,် န် မို ့နယ် နှင့် မန်တ မို ့နယ်),ပ လာင်ကိယ်ပိင်အပ်ချုပ်ခွင့်ရ ဒသ။  (နမ့ဆ
11,11,ိ မို ့နယ်),ကိးကနက့် ိယ်ပိင်အပ်ချုပ်ခွင့်ရ ဒသ။  (ကန်း ကမ်း မို ့နယ် နှင့် လာက်ကင်
12,12,ဧရာဝတီတိင်း ဒသ ကီး,“ဝ” ကိယ်ပိင်အပ်ချုပ်ခွင့်ရတိင်း။  (ဟိပန် မို ့နယ်
12,12,ဧရာဝတီတိင်း ဒသ ကီး,မိင်း မာ မို ့နယ်
12,12,ဧရာဝတီတိင်း ဒသ ကီး,ပန်ဝိင် မို ့နယ်
12,12,ဧရာဝတီတိင်း ဒသ ကီး,နားဖန်း
1,1,ဧရာဝတီတိင်း ဒသ ကီး,ပသိမ် မို ့နယ် နှင့် ငပ တာ မို ့နယ်။
2,2,ဧရာဝတီတိင်း ဒသ ကီး,ကန် ကီး ထာင့် မို ့နယ်
2,2,ဧရာဝတီတိင်း ဒသ ကီး,မို ့နယ်။
3,3,ဧရာဝတီတိင်း ဒသ ကီး,ကျု ပျာ် မို ့နယ် နှင့် ရ ကည် မို ့နယ်။
4,4,ဧရာဝတီတိင်း ဒသ ကီး,ဟသာတ မို ့နယ် နှင့် ဇလွန် မို ့နယ် နှင့် လးမျက်နှာ မို ့နယ်။
5,5,ဧရာဝတီတိင်း ဒသ ကီး,အဂပူ မို ့နယ်
5,5,ဧရာဝတီတိင်း ဒသ ကီး,ြမန် အာင် မို ့နယ် နှင့် ကခင်း မို ့နယ်။
6,6,ဧရာဝတီတိင်း ဒသ ကီး,ြမာင်းြမ မို ့နယ်တစ်ခလး။
7,7,် ဲ မို ့နယ်။,ဝါးခယ်မ မို ့နယ် နှင့် အိမမ
8,8,် ဲ မို ့နယ်။,မအူပင် မို ့နယ် နှင့် ညာင်တန်း မို ့နယ်။
9,9,အဆက်,ပန်းတ နာ် မို ့နယ် နှင့် ဓနြဖူ မို ့နယ်။
10,10,အဆက်,ဖျာပ မို ့နယ် နှင့် ဒးဒရဲ မို ့နယ်။
11,11,အဆက်,ဘိက လး မို ့နယ် နှင့် ကျိုက်လတ် မို ့နယ်။
12,12,အဆက်,လပွတ္တာခရိင်တစ်ခလး။